,mean_fit_time,std_fit_time,mean_score_time,std_score_time,param_clf__class_weight,param_clf__max_depth,param_clf__n_estimators,param_tfidf__min_df,param_tfidf__sublinear_tf,params,split0_test_f1_weighted,split1_test_f1_weighted,split2_test_f1_weighted,split3_test_f1_weighted,mean_test_f1_weighted,std_test_f1_weighted,rank_test_f1_weighted,split0_test_precision_weighted,split1_test_precision_weighted,split2_test_precision_weighted,split3_test_precision_weighted,mean_test_precision_weighted,std_test_precision_weighted,rank_test_precision_weighted,split0_test_recall_weighted,split1_test_recall_weighted,split2_test_recall_weighted,split3_test_recall_weighted,mean_test_recall_weighted,std_test_recall_weighted,rank_test_recall_weighted
6,95.9950499534607,2.171347763567987,20.99126809835434,0.734077043019391,balanced,,100,0.01,True,"{'clf__class_weight': 'balanced', 'clf__max_depth': None, 'clf__n_estimators': 100, 'tfidf__min_df': 0.01, 'tfidf__sublinear_tf': True}",0.4984559174128477,0.48658394838331864,0.48649413329243263,0.4902392065707669,0.4904433014148415,0.004866574886864945,1,0.5579012866696234,0.5375576103406939,0.5323016466594916,0.5531211998632748,0.545220435883271,0.010592922854881314,7,0.4869283299993102,0.4712056157568323,0.4760099269267889,0.469496204278813,0.4759100192404361,0.006794880205408274,133
85,113.06708943843842,2.992028696634699,21.565598964691162,1.7238986925136974,balanced_subsample,,200,0.01,False,"{'clf__class_weight': 'balanced_subsample', 'clf__max_depth': None, 'clf__n_estimators': 200, 'tfidf__min_df': 0.01, 'tfidf__sublinear_tf': False}",0.49815454070992404,0.4872076671048902,0.48293156140875904,0.49221624095175853,0.49012750254383297,0.0056811789636170874,2,0.5602420219864168,0.5393233523914883,0.5341683063370557,0.5551703397436247,0.5472260051146465,0.01078754565844947,1,0.4851348554873422,0.47175083486676206,0.46952984971735834,0.471911663216011,0.4745818008218684,0.006165086694605836,137
84,123.89765077829361,7.844806378292112,19.869386196136475,4.344317205328396,balanced_subsample,,200,0.01,True,"{'clf__class_weight': 'balanced_subsample', 'clf__max_depth': None, 'clf__n_estimators': 200, 'tfidf__min_df': 0.01, 'tfidf__sublinear_tf': True}",0.49763589461337,0.4854567301148581,0.48343546659089076,0.4933511653812408,0.4899698141750899,0.005772086956884962,3,0.5586456785379278,0.5378387433099869,0.5340368182240215,0.5559248661122209,0.5466115265460392,0.01080097360344732,2,0.4836862799199834,0.4701833299257139,0.4709085895491521,0.47315389924085577,0.4744830246589263,0.005425183013731837,139
79,73.937713265419,2.7717507806163066,16.293677866458893,4.972253222164343,balanced_subsample,,100,0.01,False,"{'clf__class_weight': 'balanced_subsample', 'clf__max_depth': None, 'clf__n_estimators': 100, 'tfidf__min_df': 0.01, 'tfidf__sublinear_tf': False}",0.4984980815797437,0.4863332221163897,0.48210146998957115,0.4928479446632555,0.48994517958724,0.006247963560307118,4,0.5581303374003111,0.5388172118234206,0.5290684153401725,0.5557653273786081,0.545445322985628,0.01203689165626041,6,0.48713526936607576,0.47066039664690246,0.4702881566248449,0.471911663216011,0.47499887146345854,0.007032712969373655,136
78,81.46618431806564,5.017556226066976,13.442000210285187,3.851408737258768,balanced_subsample,,100,0.01,True,"{'clf__class_weight': 'balanced_subsample', 'clf__max_depth': None, 'clf__n_estimators': 100, 'tfidf__min_df': 0.01, 'tfidf__sublinear_tf': True}",0.49886898191888646,0.4849398177224197,0.4839793382385695,0.4914222138982544,0.4898025879445325,0.005966143211892356,5,0.5569907236384032,0.5361892985629773,0.530092670420057,0.5554375379627182,0.544677557646039,0.01174905007677887,8,0.4876871076774505,0.4702514823144551,0.47366606921273957,0.47004830917874396,0.4754132420958473,0.007230606106070001,134
7,97.21523016691208,1.895374330785381,19.309505224227905,3.0862804656611686,balanced,,100,0.01,False,"{'clf__class_weight': 'balanced', 'clf__max_depth': None, 'clf__n_estimators': 100, 'tfidf__min_df': 0.01, 'tfidf__sublinear_tf': False}",0.4963512340550801,0.4877206031579584,0.4827151333883692,0.49153364309473146,0.48958015342403477,0.005006248148259089,6,0.558112217608346,0.536985113770192,0.5312796590424725,0.5557443648321666,0.5455303388132943,0.011605308553581658,5,0.4843760778092019,0.4737272541402576,0.4703570936164346,0.4697722567287785,0.47455817057366817,0.005865913047773614,138
12,103.5891962647438,3.6665787615774814,10.511540532112122,0.3518814300966916,balanced,,200,0.01,True,"{'clf__class_weight': 'balanced', 'clf__max_depth': None, 'clf__n_estimators': 200, 'tfidf__min_df': 0.01, 'tfidf__sublinear_tf': True}",0.4947265930923552,0.4850710761271784,0.4846884068411004,0.4927463479980696,0.4893081060146759,0.004485408366838789,7,0.5561794517968256,0.5378856348326662,0.5354053336657801,0.5552681578198349,0.5461846445287767,0.009584799041340481,4,0.48099606815203144,0.4697062632045253,0.47173583344822834,0.47218771566597656,0.4736564701176904,0.004339352452210807,140
0,80.92003345489502,0.9769797630926064,20.403568863868713,0.22770358019760506,balanced,,50,0.01,True,"{'clf__class_weight': 'balanced', 'clf__max_depth': None, 'clf__n_estimators': 50, 'tfidf__min_df': 0.01, 'tfidf__sublinear_tf': True}",0.497928432809004,0.48463539066177674,0.4832627839431726,0.4903688914508335,0.48904887471619674,0.005778120023752417,8,0.5586501577954495,0.5355246928388155,0.5158617804898402,0.5554359162594585,0.5413681368458909,0.0171849550345313,10,0.4857556735876388,0.4693655012608192,0.4780780366744795,0.46777087646652865,0.47524252199736655,0.0072272290596131095,135
13,152.333562374115,2.7189015884648002,15.69344174861908,2.390329316971779,balanced,,200,0.01,False,"{'clf__class_weight': 'balanced', 'clf__max_depth': None, 'clf__n_estimators': 200, 'tfidf__min_df': 0.01, 'tfidf__sublinear_tf': False}",0.49386962582137933,0.4863264031475073,0.48286542591065434,0.4927952726491717,0.4889641818821782,0.00455228892313713,9,0.5565345098406328,0.537989546795057,0.5343648564512606,0.5567087235316182,0.5463994091546421,0.010302408365476096,3,0.4803752500517348,0.4709330062018674,0.469598786708948,0.47163561076604554,0.4731356634321489,0.004243317341797656,141
73,74.243991792202,3.8077878103861176,15.483774960041046,4.318504014046762,balanced_subsample,,50,0.01,False,"{'clf__class_weight': 'balanced_subsample', 'clf__max_depth': None, 'clf__n_estimators': 50, 'tfidf__min_df': 0.01, 'tfidf__sublinear_tf': False}",0.4939676286701023,0.4879903565833199,0.47801393513181,0.4906276352122362,0.4876498888993671,0.005952905428629968,10,0.5556714754979857,0.5388123531346898,0.5168572791096866,0.5553213956681884,0.5416656258526376,0.015860636075398095,9,0.4816858660412499,0.4739317113064813,0.46766855094443677,0.46825396825396826,0.4728850241365341,0.005639340462652786,142
72,78.83557683229446,3.8946718256743154,16.628240823745728,2.7309222283134065,balanced_subsample,,50,0.01,True,"{'clf__class_weight': 'balanced_subsample', 'clf__max_depth': None, 'clf__n_estimators': 50, 'tfidf__min_df': 0.01, 'tfidf__sublinear_tf': True}",0.4959953244747097,0.4860740011166365,0.47867430496002245,0.4867403332880491,0.4868709909598544,0.006145961839035987,11,0.5555314398248408,0.538380542696471,0.513648940152321,0.5527694588120984,0.5400825953714328,0.01659260686615362,12,0.484789956542733,0.4704559394806788,0.4708396525575624,0.4634920634920635,0.4723944030182594,0.00773104595283404,143
1,78.42945432662964,0.48166559745033216,20.91347771883011,0.5549400050655593,balanced,,50,0.01,False,"{'clf__class_weight': 'balanced', 'clf__max_depth': None, 'clf__n_estimators': 50, 'tfidf__min_df': 0.01, 'tfidf__sublinear_tf': False}",0.4938806884461203,0.48933137552241385,0.47761388744864114,0.48642559413058195,0.4868128863869393,0.005938606533352581,12,0.5561413492027996,0.5380996429562699,0.5164858502714151,0.5522385207352658,0.5407413407914377,0.015529430072848892,11,0.48189280540801543,0.4759762829687181,0.46718599200330896,0.4631469979296066,0.4720505195774123,0.007335164190867919,144
54,73.19911450147629,0.8622670129925954,24.240092873573303,6.66883966002473,balanced,64,50,0.01,True,"{'clf__class_weight': 'balanced', 'clf__max_depth': 64, 'clf__n_estimators': 50, 'tfidf__min_df': 0.01, 'tfidf__sublinear_tf': True}",0.4827318756948793,0.47442830916059503,0.4616209985202214,0.4931647594159979,0.47798648569792335,0.011547602674563262,13,0.4980083799136595,0.4764092072169876,0.47082968538912484,0.5256399430413334,0.4927218038902763,0.021545982420820467,17,0.5659791681037456,0.5695495127104205,0.5626637253550255,0.5411318150448585,0.5598310553035126,0.0110672186122562,121
126,38.178830683231354,0.3707203513801539,9.892373502254486,0.11659185007144987,balanced_subsample,64,50,0.01,True,"{'clf__class_weight': 'balanced_subsample', 'clf__max_depth': 64, 'clf__n_estimators': 50, 'tfidf__min_df': 0.01, 'tfidf__sublinear_tf': True}",0.4806709204961457,0.47689257856048695,0.46538944006728983,0.4865409040848426,0.47737346080219123,0.007725983068173537,14,0.4884634245477875,0.4789948721205482,0.4594483480773687,0.519029213979012,0.4864839646811791,0.02150652567101167,22,0.5634958957025592,0.5694813603216793,0.5646628981111265,0.5359558316080055,0.5583989964358427,0.013150373408388831,124
60,73.82504826784134,1.9188106865845453,15.19788944721222,6.108022520283467,balanced,64,100,0.01,True,"{'clf__class_weight': 'balanced', 'clf__max_depth': 64, 'clf__n_estimators': 100, 'tfidf__min_df': 0.01, 'tfidf__sublinear_tf': True}",0.47981533804553483,0.4748655515185069,0.46318083618835804,0.4897451047509215,0.4769017076258303,0.009563607277492898,15,0.49335089980517355,0.4796300372869267,0.47892116663586753,0.5189683653120294,0.4927176172599993,0.016210564606521732,18,0.5637718148582466,0.5688679888230083,0.5616986074727699,0.5445134575569358,0.5597129671777401,0.009155005815304674,122
139,73.72363752126694,2.6655967208049716,10.854456424713135,0.22149980017082951,balanced_subsample,64,200,0.01,False,"{'clf__class_weight': 'balanced_subsample', 'clf__max_depth': 64, 'clf__n_estimators': 200, 'tfidf__min_df': 0.01, 'tfidf__sublinear_tf': False}",0.48135448616934096,0.47350459861384786,0.4629763662892873,0.4894292425800883,0.4768161734131411,0.009774873213500894,16,0.5007031026424562,0.47938651214035843,0.47614646383604253,0.5233206280703238,0.49488917667229526,0.018932584714170524,13,0.5631509967579499,0.5700947318203503,0.5606645525989246,0.5432712215320911,0.559295375677329,0.009875981831368922,123
61,76.84353631734848,2.8283939199093893,21.30504310131073,1.7003424806383245,balanced,64,100,0.01,False,"{'clf__class_weight': 'balanced', 'clf__max_depth': 64, 'clf__n_estimators': 100, 'tfidf__min_df': 0.01, 'tfidf__sublinear_tf': False}",0.47982580829565363,0.4744864722651792,0.4622273069657228,0.4873133432326686,0.47596323268980606,0.009146050739190184,17,0.49346579140252295,0.4750549530647648,0.4885015703950231,0.5186829980418735,0.4939263282260461,0.01580080371799792,16,0.5615644616127474,0.572139303482587,0.5585275058596443,0.5404416839199447,0.5581682387187308,0.01141364094509956,125
132,103.88320565223694,0.2902157658121961,13.693367719650269,6.318141593817026,balanced_subsample,64,100,0.01,True,"{'clf__class_weight': 'balanced_subsample', 'clf__max_depth': 64, 'clf__n_estimators': 100, 'tfidf__min_df': 0.01, 'tfidf__sublinear_tf': True}",0.48113313701845223,0.4751677036222978,0.4635952037573268,0.4837994925689855,0.47592388424176557,0.0077738293754081285,18,0.49794759749465056,0.48315111992473797,0.47869010943550233,0.5164284792198023,0.4940543265186733,0.014753807547499914,15,0.5643926329585431,0.5685272268793021,0.5610781745484628,0.5375431331953071,0.5578852918954038,0.012037381236482281,128
127,53.545637249946594,0.8897924881725429,10.156734943389893,0.8124890932946842,balanced_subsample,64,50,0.01,False,"{'clf__class_weight': 'balanced_subsample', 'clf__max_depth': 64, 'clf__n_estimators': 50, 'tfidf__min_df': 0.01, 'tfidf__sublinear_tf': False}",0.48045238518917543,0.47481711000768895,0.45953574250327683,0.48826207356173584,0.47576682781546925,0.010517077879429832,19,0.4889145041579006,0.4750061237135871,0.4456101083934063,0.5211985182572882,0.4826823136305456,0.027182763428338915,24,0.5632889563357936,0.5675049410481837,0.5587343168344133,0.5363699102829538,0.5564745311253361,0.012014665462278558,131
66,113.4525533914566,1.4185288284946584,21.743824362754822,6.254109818322387,balanced,64,200,0.01,True,"{'clf__class_weight': 'balanced', 'clf__max_depth': 64, 'clf__n_estimators': 200, 'tfidf__min_df': 0.01, 'tfidf__sublinear_tf': True}",0.4794919489751035,0.4722622366145728,0.46159914304468014,0.48930299315853537,0.47566408044822295,0.010125062012312884,20,0.4965636842966437,0.47954453664841745,0.482036297786534,0.5201121040414863,0.4945641556932704,0.016118560415113878,14,0.5594950679450921,0.5676412458256662,0.5590790017923618,0.5435472739820566,0.5574406473862943,0.008717552438373802,129
55,84.42695605754852,3.3744747490290794,20.97191160917282,0.8179086453499074,balanced,64,50,0.01,False,"{'clf__class_weight': 'balanced', 'clf__max_depth': 64, 'clf__n_estimators': 50, 'tfidf__min_df': 0.01, 'tfidf__sublinear_tf': False}",0.48077861811974093,0.4734296163724654,0.4608561861349518,0.4874262499476835,0.4756226676437104,0.009858585478464528,21,0.4908315239915234,0.47577315943562726,0.45124972082162496,0.5235480867125623,0.48535062274033447,0.026190102364525916,23,0.5621162999241223,0.5680501601581135,0.5601819936577968,0.5354727398205659,0.5564552983901496,0.01245636162297951,132
133,95.21569323539734,1.253708932105838,25.737934231758118,14.456716843439116,balanced_subsample,64,100,0.01,False,"{'clf__class_weight': 'balanced_subsample', 'clf__max_depth': 64, 'clf__n_estimators': 100, 'tfidf__min_df': 0.01, 'tfidf__sublinear_tf': False}",0.47998055050295424,0.473128561724756,0.4602610024996421,0.48895636481430516,0.47558161988541436,0.010475843688119114,22,0.49753772314087974,0.47774901008352694,0.4534894951602776,0.5221998142327654,0.48774401065436235,0.02528038306991981,21,0.5632889563357936,0.5683909221018196,0.5585275058596443,0.5420979986197377,0.5580763457292488,0.009862465676699952,127
138,103.66544026136398,19.460344300507145,17.923271238803864,13.35874055981045,balanced_subsample,64,200,0.01,True,"{'clf__class_weight': 'balanced_subsample', 'clf__max_depth': 64, 'clf__n_estimators': 200, 'tfidf__min_df': 0.01, 'tfidf__sublinear_tf': True}",0.47716673679327665,0.47443546747495435,0.4627963365179913,0.4865973739570209,0.4752489786858108,0.008488138324160378,23,0.4970154150559747,0.48012660080822567,0.47427502978659714,0.5185203428891247,0.49248434713498057,0.01719517944065311,19,0.5582534317444988,0.5688679888230083,0.5602509306493865,0.5410628019323671,0.5571087882873151,0.010086324189334542,130
67,81.44249480962753,3.5919663627790106,22.573554396629333,2.2094387797521673,balanced,64,200,0.01,False,"{'clf__class_weight': 'balanced', 'clf__max_depth': 64, 'clf__n_estimators': 200, 'tfidf__min_df': 0.01, 'tfidf__sublinear_tf': False}",0.47924307146588174,0.471750881610178,0.4615065674243985,0.48667657517567015,0.47479427391903206,0.009311367560668492,24,0.4950109415921443,0.4728553119518993,0.47603799561769305,0.5199330273030179,0.4909593191161886,0.018750282538768617,20,0.5609436435124509,0.5706399509302801,0.560802426582104,0.5400276052449966,0.5581034065674579,0.011171964833381653,126
36,84.50238859653473,3.227472994676709,24.81158310174942,1.985702781292119,balanced,32,50,0.01,True,"{'clf__class_weight': 'balanced', 'clf__max_depth': 32, 'clf__n_estimators': 50, 'tfidf__min_df': 0.01, 'tfidf__sublinear_tf': True}",0.47523667976718265,0.47142069976247347,0.46189039143551486,0.46838776550424255,0.4692338841173534,0.004885143799189019,25,0.44970574281716674,0.47474912560210436,0.45528516072598874,0.46545294543611826,0.4612982436453445,0.009601185005395125,27,0.6416499965510105,0.6367477680092687,0.6167792637529298,0.6277432712215321,0.6307300748836853,0.00947369314333745,109
109,54.01714366674423,1.2261397570023664,10.329543590545654,1.6560930075635074,balanced_subsample,32,50,0.01,False,"{'clf__class_weight': 'balanced_subsample', 'clf__max_depth': 32, 'clf__n_estimators': 50, 'tfidf__min_df': 0.01, 'tfidf__sublinear_tf': False}",0.47324119564886663,0.47127138500926025,0.4612971615428527,0.46836263389588717,0.4685430940242167,0.0045291233687384394,26,0.4427706592464741,0.47449768151001065,0.43758796541973116,0.4863402667436151,0.4602991432299578,0.020632401407923027,31,0.6379250879492309,0.6321815579636066,0.6199503653660554,0.6187715665976535,0.6272071444691366,0.008115400776197554,114
108,58.991001546382904,1.9472617816737727,10.19614440202713,1.0809139206701852,balanced_subsample,32,50,0.01,True,"{'clf__class_weight': 'balanced_subsample', 'clf__max_depth': 32, 'clf__n_estimators': 50, 'tfidf__min_df': 0.01, 'tfidf__sublinear_tf': True}",0.47390836481464943,0.46577961572516546,0.4631580324325662,0.46832849404762367,0.46779362675500114,0.003975584224655525,27,0.4409816303815937,0.4793801141283201,0.4440584316131745,0.4798411067578874,0.4610653207202439,0.01857788129490838,29,0.6387528454162931,0.6291828528589927,0.620915483248311,0.6213940648723257,0.6275613115989807,0.0072470992799872815,112
37,82.86944621801376,1.6182467605061308,25.729003727436066,0.764138863978374,balanced,32,50,0.01,False,"{'clf__class_weight': 'balanced', 'clf__max_depth': 32, 'clf__n_estimators': 50, 'tfidf__min_df': 0.01, 'tfidf__sublinear_tf': False}",0.4734925342269101,0.46893955812330995,0.4560820687186054,0.47143144536817255,0.4674864016092495,0.006778780712925586,28,0.44337270681175667,0.47188957454668823,0.4340138191365124,0.4835945457065519,0.45821766155037735,0.020230584045211743,32,0.635165896392357,0.631091119743747,0.6126430442575486,0.6240855762594893,0.6257464091632855,0.008540333843515253,117
114,62.62038338184357,0.517219377613983,11.496969759464264,3.014407086506079,balanced_subsample,32,100,0.01,True,"{'clf__class_weight': 'balanced_subsample', 'clf__max_depth': 32, 'clf__n_estimators': 100, 'tfidf__min_df': 0.01, 'tfidf__sublinear_tf': True}",0.4746620230630737,0.4678819361075212,0.4561456768581775,0.464903075598931,0.46589817790692584,0.006649093619219472,29,0.4506562049882469,0.47221526070138825,0.4377390044852274,0.4645925966387561,0.45630076670340464,0.013213872033671881,34,0.6384769262606056,0.625366319089484,0.6117468633668827,0.6298826777087647,0.6263681966064343,0.009666437496790543,116
43,69.95501309633255,2.968182204251345,20.65675950050354,1.477358435600561,balanced,32,100,0.01,False,"{'clf__class_weight': 'balanced', 'clf__max_depth': 32, 'clf__n_estimators': 100, 'tfidf__min_df': 0.01, 'tfidf__sublinear_tf': False}",0.47241042150522106,0.4672198825071365,0.45445807162328655,0.46835980361869206,0.465612044813584,0.006722431927344547,30,0.4472254268278954,0.4644743523831787,0.4445778267490763,0.4692887374277872,0.4563915858469844,0.010668305968656169,33,0.6350969166034351,0.6294554624139576,0.6124362332827795,0.6340234644582471,0.6277530191896048,0.009093315629345115,111
42,71.71867179870605,2.541449309052621,19.747238039970398,3.5632527517398875,balanced,32,100,0.01,True,"{'clf__class_weight': 'balanced', 'clf__max_depth': 32, 'clf__n_estimators': 100, 'tfidf__min_df': 0.01, 'tfidf__sublinear_tf': True}",0.4731382962676535,0.4678218733249254,0.4560147078800942,0.4652722610403447,0.4655617846282545,0.006199637648322443,31,0.4503473476511213,0.46630291424897535,0.4424255572833189,0.4602649548553878,0.45483519350970086,0.009153288465718265,36,0.6377871283713872,0.625638928644449,0.614986901971598,0.631055900621118,0.6273672149021381,0.008343262561592141,113
120,86.27913624048233,4.54006645271925,15.67426460981369,4.632705259858041,balanced_subsample,32,200,0.01,True,"{'clf__class_weight': 'balanced_subsample', 'clf__max_depth': 32, 'clf__n_estimators': 200, 'tfidf__min_df': 0.01, 'tfidf__sublinear_tf': True}",0.47132956479132027,0.46679770211883714,0.4561237145630741,0.46789397015666123,0.4655362379074732,0.0056856931285327135,32,0.44303439736718203,0.46958591414381357,0.462979903102277,0.4729851729449318,0.46214634688955114,0.011605911658448586,26,0.6304752707456716,0.6233898998159886,0.6104370605266786,0.6323671497584541,0.6241673452116981,0.008604531626157035,119
121,95.67198044061661,6.2696301854767915,11.250062346458435,2.4800655852146236,balanced_subsample,32,200,0.01,False,"{'clf__class_weight': 'balanced_subsample', 'clf__max_depth': 32, 'clf__n_estimators': 200, 'tfidf__min_df': 0.01, 'tfidf__sublinear_tf': False}",0.47297520021315587,0.46952366643507926,0.4547817828549057,0.46476711049499103,0.465511939999533,0.006846262581678026,33,0.44762437003047784,0.47315303440069967,0.4549643602699617,0.46934923085245056,0.4612727488883974,0.0103976530666782,28,0.6333034420914672,0.6284331765828393,0.6134702881566249,0.6305728088336784,0.6264449289161524,0.007687213851785961,115
115,64.32198387384415,1.5657884414226932,14.29289960861206,5.037428693711025,balanced_subsample,32,100,0.01,False,"{'clf__class_weight': 'balanced_subsample', 'clf__max_depth': 32, 'clf__n_estimators': 100, 'tfidf__min_df': 0.01, 'tfidf__sublinear_tf': False}",0.47312018113595805,0.46902888113783114,0.45438934618708754,0.4654826312126679,0.46550525991838615,0.006963601471005237,34,0.44947337133180026,0.47476008061968933,0.43543187813549494,0.4647441329847763,0.4561023657679402,0.014949942226615874,35,0.6358556942815755,0.6278198050841682,0.6156073348959051,0.633264320220842,0.6281367886206227,0.007793599523265212,110
49,97.21841317415237,7.221254534908082,26.156566202640533,4.30786577087586,balanced,32,200,0.01,False,"{'clf__class_weight': 'balanced', 'clf__max_depth': 32, 'clf__n_estimators': 200, 'tfidf__min_df': 0.01, 'tfidf__sublinear_tf': False}",0.46985988988003147,0.4670789303284449,0.4532253810996992,0.46857534077971474,0.4646848855219725,0.00668894618676819,35,0.4449066834245633,0.46214866941917915,0.4567694353696821,0.4788989037542513,0.46068092299191893,0.012228813024765401,30,0.6304752707456716,0.6281605670278744,0.6074038328967324,0.6318840579710145,0.6244809321603233,0.009948685828562393,118
48,103.40707606077194,1.9373365438640426,24.199355244636536,7.623889520191559,balanced,32,200,0.01,True,"{'clf__class_weight': 'balanced', 'clf__max_depth': 32, 'clf__n_estimators': 200, 'tfidf__min_df': 0.01, 'tfidf__sublinear_tf': True}",0.4671358887690932,0.4672134280227573,0.45621101940485753,0.4676065557215836,0.4645417229795729,0.004813042846463412,36,0.4420657304788013,0.4656387819150492,0.4723353014257229,0.47099369891605275,0.4627583781839066,0.012206764119156806,25,0.6265434227771263,0.6258433858106727,0.6096098166276024,0.6303657694962043,0.6230905986779014,0.007971189158175974,120
20,63.829279005527496,1.826958859562086,21.490547955036163,6.521756491451374,balanced,16,50,0.05,True,"{'clf__class_weight': 'balanced', 'clf__max_depth': 16, 'clf__n_estimators': 50, 'tfidf__min_df': 0.05, 'tfidf__sublinear_tf': True}",0.4263876600398242,0.44339866590653065,0.44900034720307297,0.4545572695902321,0.44333598568491495,0.010550496136134336,37,0.33914864009155854,0.36047027006637544,0.364333258469866,0.3649000229073292,0.3572130478837823,0.010567867677934646,49,0.7356004690625647,0.7556055339739658,0.7290086860609403,0.7505175983436853,0.742683071860289,0.01078797851404761,93
103,79.33992058038712,2.489085802150843,10.7721386551857,0.3131052516362806,balanced_subsample,16,200,0.01,False,"{'clf__class_weight': 'balanced_subsample', 'clf__max_depth': 16, 'clf__n_estimators': 200, 'tfidf__min_df': 0.01, 'tfidf__sublinear_tf': False}",0.44165525870640177,0.4478033628858276,0.45071641878294544,0.43131132396047966,0.4428715910839136,0.0074327473916342415,38,0.3944244136878379,0.40422511005822087,0.4162937652791369,0.4287876701884639,0.4109327398034149,0.012894342375080046,39,0.718010622887494,0.7358413412390105,0.6996415276437337,0.6988267770876466,0.7130800672144711,0.015216246249475067,106
31,86.87512874603271,2.046082544285355,18.53444617986679,4.446902965408388,balanced,16,200,0.01,False,"{'clf__class_weight': 'balanced', 'clf__max_depth': 16, 'clf__n_estimators': 200, 'tfidf__min_df': 0.01, 'tfidf__sublinear_tf': False}",0.4364483954437498,0.4461056245950925,0.45268608724069304,0.43272304902561376,0.44199078907628725,0.007872903006471187,39,0.3819128010296059,0.4048920812798622,0.4213311825398141,0.43024013123739235,0.4095940490216686,0.01838736662170703,41,0.7225632889563358,0.7358413412390105,0.690748655728664,0.700552104899931,0.7124263477059853,0.01776189370355412,107
102,83.9550586938858,2.9194165623006776,18.938778042793274,4.005218057423735,balanced_subsample,16,200,0.01,True,"{'clf__class_weight': 'balanced_subsample', 'clf__max_depth': 16, 'clf__n_estimators': 200, 'tfidf__min_df': 0.01, 'tfidf__sublinear_tf': True}",0.43704879706726907,0.44686809236178815,0.45253430186680815,0.4310442257321125,0.4418738542569945,0.008353885149438162,40,0.39067982540748797,0.4110969657134172,0.4228565571671415,0.43074378923560996,0.41384428438091414,0.015091009281187784,37,0.7210457336000552,0.7312751311933483,0.7027436922652696,0.6985507246376812,0.7134038204240885,0.013341995469223388,103
2,50.44625115394592,1.0659789581046153,19.886322557926178,0.6842209154167672,balanced,,50,0.05,True,"{'clf__class_weight': 'balanced', 'clf__max_depth': None, 'clf__n_estimators': 50, 'tfidf__min_df': 0.05, 'tfidf__sublinear_tf': True}",0.4263552857176465,0.4429620845716051,0.44797945545771106,0.44820122432892034,0.44137451251897075,0.008920857919674013,41,0.3385411143389453,0.36015725723945163,0.3637991793751138,0.3601027811952112,0.3556500830371805,0.00999081729912847,50,0.7380147616748293,0.755060314864036,0.727078450296429,0.744927536231884,0.7412702657667946,0.010192485155702395,94
38,74.67204558849335,3.642955771180186,16.70165318250656,5.8416288471095275,balanced,32,50,0.05,True,"{'clf__class_weight': 'balanced', 'clf__max_depth': 32, 'clf__n_estimators': 50, 'tfidf__min_df': 0.05, 'tfidf__sublinear_tf': True}",0.4263552857176465,0.4429620845716051,0.44797945545771106,0.44820122432892034,0.44137451251897075,0.008920857919674013,41,0.3385411143389453,0.36015725723945163,0.3637991793751138,0.3601027811952112,0.3556500830371805,0.00999081729912847,50,0.7380147616748293,0.755060314864036,0.727078450296429,0.744927536231884,0.7412702657667946,0.010192485155702395,94
56,67.61847883462906,2.2271279835160844,21.52909231185913,5.459123080398977,balanced,64,50,0.05,True,"{'clf__class_weight': 'balanced', 'clf__max_depth': 64, 'clf__n_estimators': 50, 'tfidf__min_df': 0.05, 'tfidf__sublinear_tf': True}",0.4263552857176465,0.4429620845716051,0.44797945545771106,0.44820122432892034,0.44137451251897075,0.008920857919674013,41,0.3385411143389453,0.36015725723945163,0.3637991793751138,0.3601027811952112,0.3556500830371805,0.00999081729912847,50,0.7380147616748293,0.755060314864036,0.727078450296429,0.744927536231884,0.7412702657667946,0.010192485155702395,94
96,59.59459060430527,1.2412432753833689,15.395066440105438,4.981298685386693,balanced_subsample,16,100,0.01,True,"{'clf__class_weight': 'balanced_subsample', 'clf__max_depth': 16, 'clf__n_estimators': 100, 'tfidf__min_df': 0.01, 'tfidf__sublinear_tf': True}",0.43963677910363325,0.4441042680283861,0.44982078839423006,0.43152581717083816,0.44127191317427183,0.006685161783441549,44,0.39367571613610264,0.39950319440353305,0.41493978788711516,0.41107583781518703,0.4047986340604845,0.008573320130299386,44,0.718424501621025,0.7347509030191508,0.7092237694747001,0.7045548654244307,0.7167385098848267,0.011534745232653633,99
25,70.92211979627609,2.2164715575632954,27.03002691268921,2.1151328290759808,balanced,16,100,0.01,False,"{'clf__class_weight': 'balanced', 'clf__max_depth': 16, 'clf__n_estimators': 100, 'tfidf__min_df': 0.01, 'tfidf__sublinear_tf': False}",0.4389433123468059,0.43945707682568613,0.4504674266637108,0.4311941166575298,0.4400154831234332,0.0068651474467511025,45,0.38308449051664256,0.3914465939589732,0.418620137190563,0.43685065938467404,0.4075004702627132,0.021441476193452155,42,0.7241498241015383,0.7301165405847475,0.6911622776782022,0.7033126293995859,0.7121853179410185,0.015695309625883152,108
26,62.74609035253525,0.4461401378877014,19.62320965528488,3.262640022429281,balanced,16,100,0.05,True,"{'clf__class_weight': 'balanced', 'clf__max_depth': 16, 'clf__n_estimators': 100, 'tfidf__min_df': 0.05, 'tfidf__sublinear_tf': True}",0.42704425980474153,0.4433602443576054,0.44081202642348194,0.44868634657653256,0.4399757192905904,0.00798830538503832,46,0.3387073619622113,0.3603007410113443,0.356737038220817,0.3613797791746286,0.3542812300922503,0.009154237719168708,53,0.7376008829412982,0.7569685817487903,0.7355577002619605,0.7459627329192546,0.7440224744678259,0.008429939748871825,89
8,69.66663897037506,2.783643177695413,10.990792274475098,0.2869742298846468,balanced,,100,0.05,True,"{'clf__class_weight': 'balanced', 'clf__max_depth': None, 'clf__n_estimators': 100, 'tfidf__min_df': 0.05, 'tfidf__sublinear_tf': True}",0.42643359427602334,0.44308004296949033,0.4407274120656269,0.4489672976819561,0.43980208674827415,0.008281287737584254,47,0.338362186495735,0.3602274862133968,0.3556148478140926,0.36082470180585297,0.35375730558226937,0.009114157690265749,59,0.7378078223080637,0.7573774960812376,0.7360402592030884,0.7466528640441684,0.7444696104091395,0.008467784412368638,83
44,55.97591209411621,2.257088278199157,23.303566455841064,5.496826449283478,balanced,32,100,0.05,True,"{'clf__class_weight': 'balanced', 'clf__max_depth': 32, 'clf__n_estimators': 100, 'tfidf__min_df': 0.05, 'tfidf__sublinear_tf': True}",0.42643359427602334,0.44308004296949033,0.4407274120656269,0.4489672976819561,0.43980208674827415,0.008281287737584254,47,0.338362186495735,0.3602274862133968,0.3556148478140926,0.36082470180585297,0.35375730558226937,0.009114157690265749,59,0.7378078223080637,0.7573774960812376,0.7360402592030884,0.7466528640441684,0.7444696104091395,0.008467784412368638,83
62,62.21139734983444,1.8229112374192726,17.37559974193573,4.525712738883435,balanced,64,100,0.05,True,"{'clf__class_weight': 'balanced', 'clf__max_depth': 64, 'clf__n_estimators': 100, 'tfidf__min_df': 0.05, 'tfidf__sublinear_tf': True}",0.42643359427602334,0.44308004296949033,0.4407274120656269,0.4489672976819561,0.43980208674827415,0.008281287737584254,47,0.338362186495735,0.3602274862133968,0.3556148478140926,0.36082470180585297,0.35375730558226937,0.009114157690265749,59,0.7378078223080637,0.7573774960812376,0.7360402592030884,0.7466528640441684,0.7444696104091395,0.008467784412368638,83
21,60.791405975818634,2.8108974549689916,23.16253226995468,0.9578412393132062,balanced,16,50,0.05,False,"{'clf__class_weight': 'balanced', 'clf__max_depth': 16, 'clf__n_estimators': 50, 'tfidf__min_df': 0.05, 'tfidf__sublinear_tf': False}",0.42755033641127727,0.4427481091272918,0.4343355686250363,0.45455979384332346,0.43979845200173223,0.010080390870735157,50,0.3397971527002822,0.35966987714382764,0.35058489070082255,0.3660916430867991,0.3540358909079329,0.009896135984311952,55,0.7396012968200317,0.7530838955905405,0.7453467530676962,0.7490683229813665,0.7467750671149087,0.004963955088060051,55
30,74.51438730955124,4.465786891595152,23.554071247577667,1.985552936815438,balanced,16,200,0.01,True,"{'clf__class_weight': 'balanced', 'clf__max_depth': 16, 'clf__n_estimators': 200, 'tfidf__min_df': 0.01, 'tfidf__sublinear_tf': True}",0.4345355958849522,0.4441731365037978,0.45146163053826227,0.42874767701890887,0.4397295099864803,0.008731635990589667,51,0.38314499971121946,0.40437246369914576,0.4253061810989807,0.43340702820249455,0.41155766817796013,0.01952769209241383,38,0.7238739049458509,0.7372725414025761,0.694057631324969,0.6976535541752933,0.7132144079621723,0.01803843758675939,105
3,58.088694989681244,0.6549424828716063,21.12403905391693,0.48959043019225046,balanced,,50,0.05,False,"{'clf__class_weight': 'balanced', 'clf__max_depth': None, 'clf__n_estimators': 50, 'tfidf__min_df': 0.05, 'tfidf__sublinear_tf': False}",0.42761544766639903,0.44300914353279564,0.4334876339719269,0.4539358866351704,0.439512027951573,0.009976214988867334,52,0.3398242688642095,0.36014613014933633,0.3501295520656242,0.36571008167949304,0.3539525081896657,0.009884629827562056,56,0.7373939435745327,0.7539017242554351,0.7418309664966221,0.7481711525189786,0.7453244467113921,0.006260405498791947,67
39,62.675548672676086,6.0837117694519,19.312229931354523,3.5147550388951774,balanced,32,50,0.05,False,"{'clf__class_weight': 'balanced', 'clf__max_depth': 32, 'clf__n_estimators': 50, 'tfidf__min_df': 0.05, 'tfidf__sublinear_tf': False}",0.42761544766639903,0.44300914353279564,0.4334876339719269,0.4539358866351704,0.439512027951573,0.009976214988867334,52,0.3398242688642095,0.36014613014933633,0.3501295520656242,0.36571008167949304,0.3539525081896657,0.009884629827562056,56,0.7373939435745327,0.7539017242554351,0.7418309664966221,0.7481711525189786,0.7453244467113921,0.006260405498791947,67
57,71.01972848176956,5.082771941981547,24.134581983089447,4.924560074709949,balanced,64,50,0.05,False,"{'clf__class_weight': 'balanced', 'clf__max_depth': 64, 'clf__n_estimators': 50, 'tfidf__min_df': 0.05, 'tfidf__sublinear_tf': False}",0.42761544766639903,0.44300914353279564,0.4334876339719269,0.4539358866351704,0.439512027951573,0.009976214988867334,52,0.3398242688642095,0.36014613014933633,0.3501295520656242,0.36571008167949304,0.3539525081896657,0.009884629827562056,56,0.7373939435745327,0.7539017242554351,0.7418309664966221,0.7481711525189786,0.7453244467113921,0.006260405498791947,67
92,50.56890571117401,7.100097991614025,15.892772018909454,4.3727455121869365,balanced_subsample,16,50,0.05,True,"{'clf__class_weight': 'balanced_subsample', 'clf__max_depth': 16, 'clf__n_estimators': 50, 'tfidf__min_df': 0.05, 'tfidf__sublinear_tf': True}",0.4269747951781747,0.4434618405253756,0.43661118955270733,0.4487648306519752,0.4389531639770582,0.008148053915558654,55,0.3391480700934599,0.36036399008206776,0.3568881769013154,0.36063429005539543,0.3542586317830596,0.008848276674994602,54,0.7346347520176588,0.7553329244190009,0.7429339583620571,0.7456176673567978,0.7446298255388786,0.007387652151917321,79
32,82.73009490966797,3.9415209165648557,23.516858875751495,1.0513323667913947,balanced,16,200,0.05,True,"{'clf__class_weight': 'balanced', 'clf__max_depth': 16, 'clf__n_estimators': 200, 'tfidf__min_df': 0.05, 'tfidf__sublinear_tf': True}",0.4275017289399737,0.4432330387820023,0.4344441718246835,0.44918415548091134,0.4385907737568927,0.00827543931537728,56,0.3399357866041631,0.3600204214608599,0.3504857269094308,0.3609861959162735,0.3528570327226818,0.00851438672127351,76,0.7346347520176588,0.7554010768077422,0.7463118709499518,0.7466528640441684,0.7457501409548802,0.007379411962091845,66
97,60.07126611471176,2.2700886731725745,11.84102714061737,2.551023372900377,balanced_subsample,16,100,0.01,False,"{'clf__class_weight': 'balanced_subsample', 'clf__max_depth': 16, 'clf__n_estimators': 100, 'tfidf__min_df': 0.01, 'tfidf__sublinear_tf': False}",0.4385174799430221,0.44458698545545555,0.4459387239003001,0.4253023707230201,0.43858639000544947,0.008162932627871291,57,0.38487381601207804,0.396926473797315,0.4142787235175891,0.4044521971878628,0.4001328026287112,0.010745713846618717,47,0.7178726633096503,0.7355005792953043,0.6988832207362471,0.7021394064872326,0.7135989674571086,0.014541490780916157,102
33,89.99523037672043,1.8400193817540078,29.20686513185501,1.169236700067175,balanced,16,200,0.05,False,"{'clf__class_weight': 'balanced', 'clf__max_depth': 16, 'clf__n_estimators': 200, 'tfidf__min_df': 0.05, 'tfidf__sublinear_tf': False}",0.42766372404832115,0.4430840956496944,0.4346414455765209,0.44883337321724387,0.43855565962294507,0.008063706680828895,58,0.339613664227809,0.3598750398411334,0.35180199165414644,0.36144677940788555,0.35318436878274356,0.008647362274026476,63,0.7440849830999517,0.7543787909766237,0.7402454156900593,0.7463077984817115,0.7462542470620865,0.005167756819178484,63
99,57.43943649530411,0.25795948400719887,10.091309905052185,0.29081455894953245,balanced_subsample,16,100,0.05,False,"{'clf__class_weight': 'balanced_subsample', 'clf__max_depth': 16, 'clf__n_estimators': 100, 'tfidf__min_df': 0.05, 'tfidf__sublinear_tf': False}",0.42805816391606905,0.44335864229729754,0.43407267538293376,0.4486886040437139,0.43854452141000355,0.008000613613614907,59,0.33918625850615775,0.36006765386930145,0.35157563806229203,0.36120966526426457,0.35300980392550396,0.00880622239510213,70,0.7474649927571222,0.756559667416343,0.7441058872190818,0.7463077984817115,0.7486095864685647,0.0047459302751598495,49
105,72.44385260343552,2.8193351151396895,19.89318883419037,2.517254237816194,balanced_subsample,16,200,0.05,False,"{'clf__class_weight': 'balanced_subsample', 'clf__max_depth': 16, 'clf__n_estimators': 200, 'tfidf__min_df': 0.05, 'tfidf__sublinear_tf': False}",0.4280102019218853,0.4433111030924854,0.4345733834016588,0.4482204014519415,0.43852877246699273,0.007795572261931578,60,0.3396621841666457,0.3599583588237507,0.3519668290051018,0.36118537133492684,0.3531931858326062,0.008576633253442295,62,0.745257639511623,0.7558099911401894,0.7395560457741625,0.7446514837819186,0.7463187900519734,0.005910236013296505,62
19,55.80319380760193,0.3792784281831477,12.911879301071167,2.3288651456900458,balanced,16,50,0.01,False,"{'clf__class_weight': 'balanced', 'clf__max_depth': 16, 'clf__n_estimators': 50, 'tfidf__min_df': 0.01, 'tfidf__sublinear_tf': False}",0.4362516829952103,0.43978866968759767,0.448401773839309,0.429110094035596,0.4383880551394283,0.006944078979528165,61,0.3789320165039709,0.39446281119476045,0.4067633133254664,0.4473414900679083,0.4068749077730265,0.025359525083741386,43,0.718424501621025,0.7340012267429974,0.7026747552736798,0.697791580400276,0.7132230160094946,0.014214293012360829,104
86,75.19418424367905,1.2139931502288253,21.09073656797409,2.4956436566947584,balanced_subsample,,200,0.05,True,"{'clf__class_weight': 'balanced_subsample', 'clf__max_depth': None, 'clf__n_estimators': 200, 'tfidf__min_df': 0.05, 'tfidf__sublinear_tf': True}",0.42761760656288206,0.442914999850348,0.43410053080368904,0.4488510060562611,0.43837103581829506,0.00812943477654185,62,0.3403165333960509,0.35988436484975234,0.35164136493862186,0.3607722635672184,0.35315363168791086,0.008222292318511201,64,0.7358763882182521,0.7551966196415184,0.7438990762443127,0.746031746031746,0.7452509575339573,0.006878153064455403,73
122,76.51622748374939,4.3260169672248905,12.679507613182068,3.828227182588421,balanced_subsample,32,200,0.05,True,"{'clf__class_weight': 'balanced_subsample', 'clf__max_depth': 32, 'clf__n_estimators': 200, 'tfidf__min_df': 0.05, 'tfidf__sublinear_tf': True}",0.42761760656288206,0.442914999850348,0.43410053080368904,0.4488510060562611,0.43837103581829506,0.00812943477654185,62,0.3403165333960509,0.35988436484975234,0.35164136493862186,0.3607722635672184,0.35315363168791086,0.008222292318511201,64,0.7358763882182521,0.7551966196415184,0.7438990762443127,0.746031746031746,0.7452509575339573,0.006878153064455403,73
140,71.22056007385254,0.21567401230715702,10.266027092933655,0.19358905626174286,balanced_subsample,64,200,0.05,True,"{'clf__class_weight': 'balanced_subsample', 'clf__max_depth': 64, 'clf__n_estimators': 200, 'tfidf__min_df': 0.05, 'tfidf__sublinear_tf': True}",0.42761760656288206,0.442914999850348,0.43410053080368904,0.4488510060562611,0.43837103581829506,0.00812943477654185,62,0.3403165333960509,0.35988436484975234,0.35164136493862186,0.3607722635672184,0.35315363168791086,0.008222292318511201,64,0.7358763882182521,0.7551966196415184,0.7438990762443127,0.746031746031746,0.7452509575339573,0.006878153064455403,73
104,71.60279422998428,0.17836290518299588,13.908176600933075,3.724536693385705,balanced_subsample,16,200,0.05,True,"{'clf__class_weight': 'balanced_subsample', 'clf__max_depth': 16, 'clf__n_estimators': 200, 'tfidf__min_df': 0.05, 'tfidf__sublinear_tf': True}",0.427487503610847,0.4430790835298047,0.43447880118685,0.4481853722116367,0.43830769013478454,0.007938381842822615,65,0.3398390500582672,0.3597032718878229,0.3516147281438062,0.3604809491874157,0.352909499819328,0.008306552761229009,74,0.7359453680071739,0.7558099911401894,0.7451399420929271,0.7464458247066943,0.7458352814867462,0.007038492047305665,64
27,68.16230297088623,7.323606434081698,27.18435263633728,6.036025861153656,balanced,16,100,0.05,False,"{'clf__class_weight': 'balanced', 'clf__max_depth': 16, 'clf__n_estimators': 100, 'tfidf__min_df': 0.05, 'tfidf__sublinear_tf': False}",0.4270799282510846,0.4431021060064777,0.43380379078789916,0.4488152284264317,0.4382002633679733,0.008362062674726315,66,0.33870858625490535,0.3599552605978313,0.35093538161257776,0.36137599425603234,0.3527438056803367,0.009038494669499485,89,0.7438090639442644,0.7545832481428474,0.7447263201433889,0.7467908902691511,0.747477380624913,0.004242331411898341,51
87,73.16982513666153,1.1647597283322608,16.91954666376114,5.3188570063968825,balanced_subsample,,200,0.05,False,"{'clf__class_weight': 'balanced_subsample', 'clf__max_depth': None, 'clf__n_estimators': 200, 'tfidf__min_df': 0.05, 'tfidf__sublinear_tf': False}",0.42732395284085617,0.4433717638147492,0.43397979322877694,0.4480311862623865,0.4381766740366922,0.00805443565494857,67,0.33893245546110323,0.36013009103430044,0.3515817770595807,0.3610853031486179,0.35293240667590053,0.008889589633318104,71,0.7421535490101401,0.7560826006951543,0.7382462429339584,0.7446514837819186,0.7452834691052929,0.006639646084932928,70
123,65.90037304162979,7.631038359981854,18.20659178495407,4.605778104288715,balanced_subsample,32,200,0.05,False,"{'clf__class_weight': 'balanced_subsample', 'clf__max_depth': 32, 'clf__n_estimators': 200, 'tfidf__min_df': 0.05, 'tfidf__sublinear_tf': False}",0.42732395284085617,0.4433717638147492,0.43397979322877694,0.4480311862623865,0.4381766740366922,0.00805443565494857,67,0.33893245546110323,0.36013009103430044,0.3515817770595807,0.3610853031486179,0.35293240667590053,0.008889589633318104,71,0.7421535490101401,0.7560826006951543,0.7382462429339584,0.7446514837819186,0.7452834691052929,0.006639646084932928,70
141,48.46155720949173,0.8109065680549001,17.140254855155945,6.447309901001457,balanced_subsample,64,200,0.05,False,"{'clf__class_weight': 'balanced_subsample', 'clf__max_depth': 64, 'clf__n_estimators': 200, 'tfidf__min_df': 0.05, 'tfidf__sublinear_tf': False}",0.42732395284085617,0.4433717638147492,0.43397979322877694,0.4480311862623865,0.4381766740366922,0.00805443565494857,67,0.33893245546110323,0.36013009103430044,0.3515817770595807,0.3610853031486179,0.35293240667590053,0.008889589633318104,71,0.7421535490101401,0.7560826006951543,0.7382462429339584,0.7446514837819186,0.7452834691052929,0.006639646084932928,70
81,63.83937615156174,7.751875059286113,17.108201384544373,3.900918946674036,balanced_subsample,,100,0.05,False,"{'clf__class_weight': 'balanced_subsample', 'clf__max_depth': None, 'clf__n_estimators': 100, 'tfidf__min_df': 0.05, 'tfidf__sublinear_tf': False}",0.427203345637775,0.4432807975623945,0.4333061521276941,0.4486969642978136,0.4381218149064193,0.008379326731063919,70,0.33883624075362556,0.3600613699800624,0.3507953067399534,0.36156385084565473,0.352814192079824,0.009062796716926008,80,0.7435331447885769,0.7566959721938253,0.7427960843788777,0.7463077984817115,0.7473332499607479,0.0055618969153178556,52
117,51.159423530101776,2.204580073405625,17.859898269176483,3.5253961174896813,balanced_subsample,32,100,0.05,False,"{'clf__class_weight': 'balanced_subsample', 'clf__max_depth': 32, 'clf__n_estimators': 100, 'tfidf__min_df': 0.05, 'tfidf__sublinear_tf': False}",0.427203345637775,0.4432807975623945,0.4333061521276941,0.4486969642978136,0.4381218149064193,0.008379326731063919,70,0.33883624075362556,0.3600613699800624,0.3507953067399534,0.36156385084565473,0.352814192079824,0.009062796716926008,80,0.7435331447885769,0.7566959721938253,0.7427960843788777,0.7463077984817115,0.7473332499607479,0.0055618969153178556,52
135,91.83872777223587,8.747637779124188,36.97678506374359,15.066542164902032,balanced_subsample,64,100,0.05,False,"{'clf__class_weight': 'balanced_subsample', 'clf__max_depth': 64, 'clf__n_estimators': 100, 'tfidf__min_df': 0.05, 'tfidf__sublinear_tf': False}",0.427203345637775,0.4432807975623945,0.4333061521276941,0.4486969642978136,0.4381218149064193,0.008379326731063919,70,0.33883624075362556,0.3600613699800624,0.3507953067399534,0.36156385084565473,0.352814192079824,0.009062796716926008,80,0.7435331447885769,0.7566959721938253,0.7427960843788777,0.7463077984817115,0.7473332499607479,0.0055618969153178556,52
14,72.53436261415482,0.20051876408848984,19.415547251701355,2.3543031617434633,balanced,,200,0.05,True,"{'clf__class_weight': 'balanced', 'clf__max_depth': None, 'clf__n_estimators': 200, 'tfidf__min_df': 0.05, 'tfidf__sublinear_tf': True}",0.42663487085756957,0.44286876746648773,0.4341657336384923,0.44872593202124855,0.4380988259959495,0.00840504620767167,73,0.3388637567440011,0.3598997334909858,0.35178462185516757,0.360812240066652,0.35284008803920164,0.00880121649535619,77,0.7332551562392219,0.7547195529203299,0.743623328277954,0.7453416149068323,0.7442349130860846,0.007617111620680999,86
50,71.34524792432785,1.0177674060341637,20.621403515338898,3.280916097476426,balanced,32,200,0.05,True,"{'clf__class_weight': 'balanced', 'clf__max_depth': 32, 'clf__n_estimators': 200, 'tfidf__min_df': 0.05, 'tfidf__sublinear_tf': True}",0.42663487085756957,0.44286876746648773,0.4341657336384923,0.44872593202124855,0.4380988259959495,0.00840504620767167,73,0.3388637567440011,0.3598997334909858,0.35178462185516757,0.360812240066652,0.35284008803920164,0.00880121649535619,77,0.7332551562392219,0.7547195529203299,0.743623328277954,0.7453416149068323,0.7442349130860846,0.007617111620680999,86
68,68.64441102743149,2.0602310388530674,21.187989115715027,4.286666107618505,balanced,64,200,0.05,True,"{'clf__class_weight': 'balanced', 'clf__max_depth': 64, 'clf__n_estimators': 200, 'tfidf__min_df': 0.05, 'tfidf__sublinear_tf': True}",0.42663487085756957,0.44286876746648773,0.4341657336384923,0.44872593202124855,0.4380988259959495,0.00840504620767167,73,0.3388637567440011,0.3598997334909858,0.35178462185516757,0.360812240066652,0.35284008803920164,0.00880121649535619,77,0.7332551562392219,0.7547195529203299,0.743623328277954,0.7453416149068323,0.7442349130860846,0.007617111620680999,86
15,54.5796822309494,2.6705741120874418,19.76780813932419,2.8547867141412553,balanced,,200,0.05,False,"{'clf__class_weight': 'balanced', 'clf__max_depth': None, 'clf__n_estimators': 200, 'tfidf__min_df': 0.05, 'tfidf__sublinear_tf': False}",0.4267179786515898,0.44320894547914214,0.434356390840307,0.4480905457419144,0.43809346517823833,0.008207880006901183,76,0.339292066526824,0.359976349142535,0.3518836889297672,0.3611156431254896,0.35306693693115393,0.008713047385937806,67,0.739463337242188,0.7556055339739658,0.7389356128498552,0.7443064182194618,0.7445777255713677,0.006702174456613194,80
51,70.71498990058899,0.8724533216097166,19.508870840072632,4.264112203014517,balanced,32,200,0.05,False,"{'clf__class_weight': 'balanced', 'clf__max_depth': 32, 'clf__n_estimators': 200, 'tfidf__min_df': 0.05, 'tfidf__sublinear_tf': False}",0.4267179786515898,0.44320894547914214,0.434356390840307,0.4480905457419144,0.43809346517823833,0.008207880006901183,76,0.339292066526824,0.359976349142535,0.3518836889297672,0.3611156431254896,0.35306693693115393,0.008713047385937806,67,0.739463337242188,0.7556055339739658,0.7389356128498552,0.7443064182194618,0.7445777255713677,0.006702174456613194,80
69,64.63224053382874,1.4480368756826996,24.581954419612885,4.760924093542508,balanced,64,200,0.05,False,"{'clf__class_weight': 'balanced', 'clf__max_depth': 64, 'clf__n_estimators': 200, 'tfidf__min_df': 0.05, 'tfidf__sublinear_tf': False}",0.4267179786515898,0.44320894547914214,0.434356390840307,0.4480905457419144,0.43809346517823833,0.008207880006901183,76,0.339292066526824,0.359976349142535,0.3518836889297672,0.3611156431254896,0.35306693693115393,0.008713047385937806,67,0.739463337242188,0.7556055339739658,0.7389356128498552,0.7443064182194618,0.7445777255713677,0.006702174456613194,80
80,57.070678651332855,8.052170587065573,9.334778666496277,0.23479617463802183,balanced_subsample,,100,0.05,True,"{'clf__class_weight': 'balanced_subsample', 'clf__max_depth': None, 'clf__n_estimators': 100, 'tfidf__min_df': 0.05, 'tfidf__sublinear_tf': True}",0.4264400681472425,0.4428669793519124,0.4338077346334406,0.44903171977103423,0.43803662547590744,0.008610866343764114,79,0.3385157464353578,0.36008262797125545,0.3514530479622539,0.36100354200883644,0.35276374109442593,0.00903027813132719,86,0.7405670138649376,0.755673686362707,0.7433475803115952,0.7467908902691511,0.7465947927020977,0.005686459143773142,59
116,56.920281410217285,3.356288428502616,16.012523233890533,3.9807378476728097,balanced_subsample,32,100,0.05,True,"{'clf__class_weight': 'balanced_subsample', 'clf__max_depth': 32, 'clf__n_estimators': 100, 'tfidf__min_df': 0.05, 'tfidf__sublinear_tf': True}",0.4264400681472425,0.4428669793519124,0.4338077346334406,0.44903171977103423,0.43803662547590744,0.008610866343764114,79,0.3385157464353578,0.36008262797125545,0.3514530479622539,0.36100354200883644,0.35276374109442593,0.00903027813132719,86,0.7405670138649376,0.755673686362707,0.7433475803115952,0.7467908902691511,0.7465947927020977,0.005686459143773142,59
134,86.08292239904404,9.243614253247676,30.09756988286972,13.92561269160398,balanced_subsample,64,100,0.05,True,"{'clf__class_weight': 'balanced_subsample', 'clf__max_depth': 64, 'clf__n_estimators': 100, 'tfidf__min_df': 0.05, 'tfidf__sublinear_tf': True}",0.4264400681472425,0.4428669793519124,0.4338077346334406,0.44903171977103423,0.43803662547590744,0.008610866343764114,79,0.3385157464353578,0.36008262797125545,0.3514530479622539,0.36100354200883644,0.35276374109442593,0.00903027813132719,86,0.7405670138649376,0.755673686362707,0.7433475803115952,0.7467908902691511,0.7465947927020977,0.005686459143773142,59
98,58.00710439682007,1.0377723512525072,10.714442908763885,1.1222140727618024,balanced_subsample,16,100,0.05,True,"{'clf__class_weight': 'balanced_subsample', 'clf__max_depth': 16, 'clf__n_estimators': 100, 'tfidf__min_df': 0.05, 'tfidf__sublinear_tf': True}",0.42682245109791167,0.4428316456029349,0.4338245549459778,0.44860126037049913,0.4380199780043309,0.008338193225312391,82,0.33853224121273773,0.3597281715696688,0.3521051424794566,0.3612526272943151,0.35290454563904455,0.00899242067101721,75,0.7435331447885769,0.7571048865262727,0.7441058872190818,0.746031746031746,0.7476939161414193,0.005511695357515779,50
9,56.58869105577469,0.5128479791507312,9.084470808506012,0.25516107397020293,balanced,,100,0.05,False,"{'clf__class_weight': 'balanced', 'clf__max_depth': None, 'clf__n_estimators': 100, 'tfidf__min_df': 0.05, 'tfidf__sublinear_tf': False}",0.4268028910148532,0.4433472899103266,0.43353452527839875,0.448360562511153,0.4380113171786829,0.008385254419708627,83,0.33868390031092166,0.36027213648722745,0.35107441341302636,0.36116323224329394,0.3527984206136173,0.009055638944358409,83,0.7416017106987652,0.7560144483064132,0.7430718323452364,0.7461697722567288,0.746714440901786,0.005616836495843493,56
45,64.27962619066238,2.588528890602954,22.667240798473358,1.2420866580009764,balanced,32,100,0.05,False,"{'clf__class_weight': 'balanced', 'clf__max_depth': 32, 'clf__n_estimators': 100, 'tfidf__min_df': 0.05, 'tfidf__sublinear_tf': False}",0.4268028910148532,0.4433472899103266,0.43353452527839875,0.448360562511153,0.4380113171786829,0.008385254419708627,83,0.33868390031092166,0.36027213648722745,0.35107441341302636,0.36116323224329394,0.3527984206136173,0.009055638944358409,83,0.7416017106987652,0.7560144483064132,0.7430718323452364,0.7461697722567288,0.746714440901786,0.005616836495843493,56
63,53.20529782772064,5.792524777736303,22.899873316287994,6.940424792431668,balanced,64,100,0.05,False,"{'clf__class_weight': 'balanced', 'clf__max_depth': 64, 'clf__n_estimators': 100, 'tfidf__min_df': 0.05, 'tfidf__sublinear_tf': False}",0.4268028910148532,0.4433472899103266,0.43353452527839875,0.448360562511153,0.4380113171786829,0.008385254419708627,83,0.33868390031092166,0.36027213648722745,0.35107441341302636,0.36116323224329394,0.3527984206136173,0.009055638944358409,83,0.7416017106987652,0.7560144483064132,0.7430718323452364,0.7461697722567288,0.746714440901786,0.005616836495843493,56
90,51.5152593255043,4.136001159784231,13.24900996685028,4.474211650308116,balanced_subsample,16,50,0.01,True,"{'clf__class_weight': 'balanced_subsample', 'clf__max_depth': 16, 'clf__n_estimators': 50, 'tfidf__min_df': 0.01, 'tfidf__sublinear_tf': True}",0.4359190340257578,0.4414543227939152,0.4490690365980874,0.42524059291920024,0.4379207465842402,0.008682794498291414,86,0.3892529911653108,0.39696224748293346,0.39944826047377124,0.42961965851743805,0.40382078940986343,0.015361974153605537,45,0.7208387942332897,0.7295713214748177,0.7117744381635186,0.6983436853002071,0.7151320597929582,0.011556191381733643,101
93,44.49567437171936,4.47276072593479,17.48183923959732,2.6719985232840746,balanced_subsample,16,50,0.05,False,"{'clf__class_weight': 'balanced_subsample', 'clf__max_depth': 16, 'clf__n_estimators': 50, 'tfidf__min_df': 0.05, 'tfidf__sublinear_tf': False}",0.4276595520628222,0.4428803699259799,0.4322435211878272,0.4482941298814474,0.4377693932645192,0.008210303201179598,87,0.3391232292043074,0.36001785199657527,0.3499600229136371,0.36092209287383115,0.3525057992470877,0.008843628964013086,96,0.7431882458439677,0.7539698766441764,0.7410726595891355,0.7448585231193927,0.745772326299168,0.004919329397759673,65
74,58.74569994211197,6.515156804723307,17.82625299692154,2.843775397003896,balanced_subsample,,50,0.05,True,"{'clf__class_weight': 'balanced_subsample', 'clf__max_depth': None, 'clf__n_estimators': 50, 'tfidf__min_df': 0.05, 'tfidf__sublinear_tf': True}",0.42639367278597495,0.44308461426048107,0.43296952080343387,0.4484611006264798,0.43772722711909245,0.008587823657119019,88,0.33906666185475803,0.3601985291544073,0.35084682872533757,0.36055333759270014,0.35266633933180075,0.008763567644199234,93,0.7322204594053943,0.7551966196415184,0.7418309664966221,0.7451345755693581,0.7435956552782232,0.008207616241364566,90
110,50.9362353682518,1.299025346872778,10.121216595172882,1.0460426722307572,balanced_subsample,32,50,0.05,True,"{'clf__class_weight': 'balanced_subsample', 'clf__max_depth': 32, 'clf__n_estimators': 50, 'tfidf__min_df': 0.05, 'tfidf__sublinear_tf': True}",0.42639367278597495,0.44308461426048107,0.43296952080343387,0.4484611006264798,0.43772722711909245,0.008587823657119019,88,0.33906666185475803,0.3601985291544073,0.35084682872533757,0.36055333759270014,0.35266633933180075,0.008763567644199234,93,0.7322204594053943,0.7551966196415184,0.7418309664966221,0.7451345755693581,0.7435956552782232,0.008207616241364566,90
128,36.73435938358307,6.182714775688818,16.903784573078156,5.557537983916757,balanced_subsample,64,50,0.05,True,"{'clf__class_weight': 'balanced_subsample', 'clf__max_depth': 64, 'clf__n_estimators': 50, 'tfidf__min_df': 0.05, 'tfidf__sublinear_tf': True}",0.42639367278597495,0.44308461426048107,0.43296952080343387,0.4484611006264798,0.43772722711909245,0.008587823657119019,88,0.33906666185475803,0.3601985291544073,0.35084682872533757,0.36055333759270014,0.35266633933180075,0.008763567644199234,93,0.7322204594053943,0.7551966196415184,0.7418309664966221,0.7451345755693581,0.7435956552782232,0.008207616241364566,90
75,58.98635882139206,1.7703856584779976,14.494808197021484,4.625990582553611,balanced_subsample,,50,0.05,False,"{'clf__class_weight': 'balanced_subsample', 'clf__max_depth': None, 'clf__n_estimators': 50, 'tfidf__min_df': 0.05, 'tfidf__sublinear_tf': False}",0.42737078610828466,0.44300456440283514,0.4317665383200279,0.4480490706096757,0.4375477398602059,0.008322372866492173,91,0.33941599733225064,0.3601766536891323,0.3510004258233145,0.3602075605510706,0.352700159348942,0.00853839995216416,90,0.7396702766089536,0.7547877053090711,0.7397628567489315,0.7444444444444445,0.7446663207778502,0.006154187004727546,76
111,50.356076300144196,0.9330057687179788,9.697292268276215,0.6437986456864347,balanced_subsample,32,50,0.05,False,"{'clf__class_weight': 'balanced_subsample', 'clf__max_depth': 32, 'clf__n_estimators': 50, 'tfidf__min_df': 0.05, 'tfidf__sublinear_tf': False}",0.42737078610828466,0.44300456440283514,0.4317665383200279,0.4480490706096757,0.4375477398602059,0.008322372866492173,91,0.33941599733225064,0.3601766536891323,0.3510004258233145,0.3602075605510706,0.352700159348942,0.00853839995216416,90,0.7396702766089536,0.7547877053090711,0.7397628567489315,0.7444444444444445,0.7446663207778502,0.006154187004727546,76
129,40.70646721124649,7.046502033208317,11.731046974658966,3.239999432313172,balanced_subsample,64,50,0.05,False,"{'clf__class_weight': 'balanced_subsample', 'clf__max_depth': 64, 'clf__n_estimators': 50, 'tfidf__min_df': 0.05, 'tfidf__sublinear_tf': False}",0.42737078610828466,0.44300456440283514,0.4317665383200279,0.4480490706096757,0.4375477398602059,0.008322372866492173,91,0.33941599733225064,0.3601766536891323,0.3510004258233145,0.3602075605510706,0.352700159348942,0.00853839995216416,90,0.7396702766089536,0.7547877053090711,0.7397628567489315,0.7444444444444445,0.7446663207778502,0.006154187004727546,76
18,71.17636638879776,2.46431866341345,11.786511838436127,1.0980194899533464,balanced,16,50,0.01,True,"{'clf__class_weight': 'balanced', 'clf__max_depth': 16, 'clf__n_estimators': 50, 'tfidf__min_df': 0.01, 'tfidf__sublinear_tf': True}",0.43519261466533615,0.44206920687012247,0.4487943523571566,0.4209383865100585,0.43674864010066844,0.010317375493180462,94,0.38646955964178503,0.39338964266547805,0.41119231870447537,0.42317954271240704,0.40355776593103637,0.014480141962667009,46,0.7262192177691936,0.7398623321747427,0.7030194402316283,0.7031746031746032,0.7180688983375421,0.015729809939544693,98
24,74.5498977303505,1.0216859558200757,24.178946793079376,7.585375743294706,balanced,16,100,0.01,True,"{'clf__class_weight': 'balanced', 'clf__max_depth': 16, 'clf__n_estimators': 100, 'tfidf__min_df': 0.01, 'tfidf__sublinear_tf': True}",0.4383910947210794,0.44137703146970103,0.44606060134554887,0.41863139033373326,0.4361150294675156,0.010457786279262637,95,0.38744408789942353,0.39642102740220114,0.4341384204907647,0.4225296047082926,0.41013328512517055,0.018925782320272613,40,0.7251845209353659,0.735705036461528,0.7012270784502964,0.7003450655624569,0.7156154253524117,0.015291897196567204,100
91,52.54359847307205,4.226063645886285,12.916625022888184,4.263574541682131,balanced_subsample,16,50,0.01,False,"{'clf__class_weight': 'balanced_subsample', 'clf__max_depth': 16, 'clf__n_estimators': 50, 'tfidf__min_df': 0.01, 'tfidf__sublinear_tf': False}",0.4334702978144474,0.43742844308900025,0.44424519366880444,0.42347790171607796,0.4346554590720825,0.007516562473082648,96,0.37835923751176515,0.3921277038357239,0.38913149362498595,0.41916432707532075,0.3946956905119489,0.015026216377250032,48,0.71711388563151,0.7350235125741157,0.7263890803805322,0.6986887508626639,0.7193038073622054,0.013482271112088726,97
76,52.826569736003876,6.663894507998477,19.510610222816467,0.6163521458921694,balanced_subsample,,50,0.1,True,"{'clf__class_weight': 'balanced_subsample', 'clf__max_depth': None, 'clf__n_estimators': 50, 'tfidf__min_df': 0.1, 'tfidf__sublinear_tf': True}",0.38364510744580343,0.38539116305559745,0.39507224634376875,0.4335320318431819,0.3994101371720879,0.020175410716594535,97,0.3097288906899381,0.3147900344472366,0.32431249468426815,0.3800780540551058,0.33222736846913714,0.02811839014884245,97,0.7440849830999517,0.7416342942820146,0.7569971046463533,0.7769496204278813,0.7549165006140502,0.013995767740417652,17
94,42.30884224176407,2.0233531851977236,17.903300344944,1.3615187481726136,balanced_subsample,16,50,0.1,True,"{'clf__class_weight': 'balanced_subsample', 'clf__max_depth': 16, 'clf__n_estimators': 50, 'tfidf__min_df': 0.1, 'tfidf__sublinear_tf': True}",0.38364510744580343,0.38539116305559745,0.39507224634376875,0.4335320318431819,0.3994101371720879,0.020175410716594535,97,0.3097288906899381,0.3147900344472366,0.32431249468426815,0.3800780540551058,0.33222736846913714,0.02811839014884245,97,0.7440849830999517,0.7416342942820146,0.7569971046463533,0.7769496204278813,0.7549165006140502,0.013995767740417652,17
112,50.82531476020813,1.9286893792515398,10.480400145053864,1.819760888959881,balanced_subsample,32,50,0.1,True,"{'clf__class_weight': 'balanced_subsample', 'clf__max_depth': 32, 'clf__n_estimators': 50, 'tfidf__min_df': 0.1, 'tfidf__sublinear_tf': True}",0.38364510744580343,0.38539116305559745,0.39507224634376875,0.4335320318431819,0.3994101371720879,0.020175410716594535,97,0.3097288906899381,0.3147900344472366,0.32431249468426815,0.3800780540551058,0.33222736846913714,0.02811839014884245,97,0.7440849830999517,0.7416342942820146,0.7569971046463533,0.7769496204278813,0.7549165006140502,0.013995767740417652,17
130,50.672619223594666,3.4223839108623464,9.674660205841064,0.23874701303704057,balanced_subsample,64,50,0.1,True,"{'clf__class_weight': 'balanced_subsample', 'clf__max_depth': 64, 'clf__n_estimators': 50, 'tfidf__min_df': 0.1, 'tfidf__sublinear_tf': True}",0.38364510744580343,0.38539116305559745,0.39507224634376875,0.4335320318431819,0.3994101371720879,0.020175410716594535,97,0.3097288906899381,0.3147900344472366,0.32431249468426815,0.3800780540551058,0.33222736846913714,0.02811839014884245,97,0.7440849830999517,0.7416342942820146,0.7569971046463533,0.7769496204278813,0.7549165006140502,0.013995767740417652,17
82,42.04890590906143,3.711545242734429,16.799311459064484,4.616004424879179,balanced_subsample,,100,0.1,True,"{'clf__class_weight': 'balanced_subsample', 'clf__max_depth': None, 'clf__n_estimators': 100, 'tfidf__min_df': 0.1, 'tfidf__sublinear_tf': True}",0.38364510744580343,0.38539116305559745,0.39507224634376875,0.43352188463933716,0.3994076003711267,0.020171120345160724,101,0.3097288906899381,0.3147900344472366,0.32431249468426815,0.3800737021888905,0.33222628050258335,0.0281165386956244,101,0.7440849830999517,0.7416342942820146,0.7569971046463533,0.7768115942028986,0.7548819940578047,0.013941467375234924,25
100,56.45189940929413,0.5520695463206021,11.243027329444885,1.6914169640988144,balanced_subsample,16,100,0.1,True,"{'clf__class_weight': 'balanced_subsample', 'clf__max_depth': 16, 'clf__n_estimators': 100, 'tfidf__min_df': 0.1, 'tfidf__sublinear_tf': True}",0.38364510744580343,0.38539116305559745,0.39507224634376875,0.43352188463933716,0.3994076003711267,0.020171120345160724,101,0.3097288906899381,0.3147900344472366,0.32431249468426815,0.3800737021888905,0.33222628050258335,0.0281165386956244,101,0.7440849830999517,0.7416342942820146,0.7569971046463533,0.7768115942028986,0.7548819940578047,0.013941467375234924,25
118,50.492715895175934,3.0793631233618597,17.682293951511383,3.558383286660408,balanced_subsample,32,100,0.1,True,"{'clf__class_weight': 'balanced_subsample', 'clf__max_depth': 32, 'clf__n_estimators': 100, 'tfidf__min_df': 0.1, 'tfidf__sublinear_tf': True}",0.38364510744580343,0.38539116305559745,0.39507224634376875,0.43352188463933716,0.3994076003711267,0.020171120345160724,101,0.3097288906899381,0.3147900344472366,0.32431249468426815,0.3800737021888905,0.33222628050258335,0.0281165386956244,101,0.7440849830999517,0.7416342942820146,0.7569971046463533,0.7768115942028986,0.7548819940578047,0.013941467375234924,25
136,82.87205070257187,27.200476204440918,15.979495584964752,10.353542911029491,balanced_subsample,64,100,0.1,True,"{'clf__class_weight': 'balanced_subsample', 'clf__max_depth': 64, 'clf__n_estimators': 100, 'tfidf__min_df': 0.1, 'tfidf__sublinear_tf': True}",0.38364510744580343,0.38539116305559745,0.39507224634376875,0.43352188463933716,0.3994076003711267,0.020171120345160724,101,0.3097288906899381,0.3147900344472366,0.32431249468426815,0.3800737021888905,0.33222628050258335,0.0281165386956244,101,0.7440849830999517,0.7416342942820146,0.7569971046463533,0.7768115942028986,0.7548819940578047,0.013941467375234924,25
10,54.106108486652374,3.0050621135748004,19.46378630399704,1.693275351264799,balanced,,100,0.1,True,"{'clf__class_weight': 'balanced', 'clf__max_depth': None, 'clf__n_estimators': 100, 'tfidf__min_df': 0.1, 'tfidf__sublinear_tf': True}",0.38364510744580343,0.38539116305559745,0.39507224634376875,0.4335208501893685,0.39940734175863457,0.020170682968592105,105,0.3097288906899381,0.3147900344472366,0.32431249468426815,0.38007307820622255,0.33222612450691635,0.02811627322947741,105,0.7440849830999517,0.7416342942820146,0.7569971046463533,0.7768115942028986,0.7548819940578047,0.013941467375234924,25
28,60.963976323604584,2.9171857012339184,18.419581711292267,4.096179036147785,balanced,16,100,0.1,True,"{'clf__class_weight': 'balanced', 'clf__max_depth': 16, 'clf__n_estimators': 100, 'tfidf__min_df': 0.1, 'tfidf__sublinear_tf': True}",0.38364510744580343,0.38539116305559745,0.39507224634376875,0.4335208501893685,0.39940734175863457,0.020170682968592105,105,0.3097288906899381,0.3147900344472366,0.32431249468426815,0.38007307820622255,0.33222612450691635,0.02811627322947741,105,0.7440849830999517,0.7416342942820146,0.7569971046463533,0.7768115942028986,0.7548819940578047,0.013941467375234924,25
46,51.14517921209335,1.0330382358035055,21.897945940494537,2.0688679799748395,balanced,32,100,0.1,True,"{'clf__class_weight': 'balanced', 'clf__max_depth': 32, 'clf__n_estimators': 100, 'tfidf__min_df': 0.1, 'tfidf__sublinear_tf': True}",0.38364510744580343,0.38539116305559745,0.39507224634376875,0.4335208501893685,0.39940734175863457,0.020170682968592105,105,0.3097288906899381,0.3147900344472366,0.32431249468426815,0.38007307820622255,0.33222612450691635,0.02811627322947741,105,0.7440849830999517,0.7416342942820146,0.7569971046463533,0.7768115942028986,0.7548819940578047,0.013941467375234924,25
64,46.887863755226135,5.292436622226214,19.716554820537567,3.3271931320606263,balanced,64,100,0.1,True,"{'clf__class_weight': 'balanced', 'clf__max_depth': 64, 'clf__n_estimators': 100, 'tfidf__min_df': 0.1, 'tfidf__sublinear_tf': True}",0.38364510744580343,0.38539116305559745,0.39507224634376875,0.4335208501893685,0.39940734175863457,0.020170682968592105,105,0.3097288906899381,0.3147900344472366,0.32431249468426815,0.38007307820622255,0.33222612450691635,0.02811627322947741,105,0.7440849830999517,0.7416342942820146,0.7569971046463533,0.7768115942028986,0.7548819940578047,0.013941467375234924,25
4,53.9106422662735,0.4235948772901918,21.731795132160187,0.42834104330457057,balanced,,50,0.1,True,"{'clf__class_weight': 'balanced', 'clf__max_depth': None, 'clf__n_estimators': 50, 'tfidf__min_df': 0.1, 'tfidf__sublinear_tf': True}",0.38364510744580343,0.38539116305559745,0.39507224634376875,0.43350670207869124,0.39940380473096526,0.020164701041788653,109,0.3097288906899381,0.3147900344472366,0.32431249468426815,0.38005752384597125,0.3322222359168535,0.02810965583746345,109,0.7440849830999517,0.7416342942820146,0.7569971046463533,0.7769496204278813,0.7549165006140502,0.013995767740417652,17
22,54.33291828632355,1.8415389465374974,25.617919743061066,1.5145443507453982,balanced,16,50,0.1,True,"{'clf__class_weight': 'balanced', 'clf__max_depth': 16, 'clf__n_estimators': 50, 'tfidf__min_df': 0.1, 'tfidf__sublinear_tf': True}",0.38364510744580343,0.38539116305559745,0.39507224634376875,0.43350670207869124,0.39940380473096526,0.020164701041788653,109,0.3097288906899381,0.3147900344472366,0.32431249468426815,0.38005752384597125,0.3322222359168535,0.02810965583746345,109,0.7440849830999517,0.7416342942820146,0.7569971046463533,0.7769496204278813,0.7549165006140502,0.013995767740417652,17
40,55.456436812877655,3.308237483317492,21.73789620399475,1.436395305242401,balanced,32,50,0.1,True,"{'clf__class_weight': 'balanced', 'clf__max_depth': 32, 'clf__n_estimators': 50, 'tfidf__min_df': 0.1, 'tfidf__sublinear_tf': True}",0.38364510744580343,0.38539116305559745,0.39507224634376875,0.43350670207869124,0.39940380473096526,0.020164701041788653,109,0.3097288906899381,0.3147900344472366,0.32431249468426815,0.38005752384597125,0.3322222359168535,0.02810965583746345,109,0.7440849830999517,0.7416342942820146,0.7569971046463533,0.7769496204278813,0.7549165006140502,0.013995767740417652,17
58,61.91543835401535,4.870467761782287,16.165228307247162,3.9182560253952876,balanced,64,50,0.1,True,"{'clf__class_weight': 'balanced', 'clf__max_depth': 64, 'clf__n_estimators': 50, 'tfidf__min_df': 0.1, 'tfidf__sublinear_tf': True}",0.38364510744580343,0.38539116305559745,0.39507224634376875,0.43350670207869124,0.39940380473096526,0.020164701041788653,109,0.3097288906899381,0.3147900344472366,0.32431249468426815,0.38005752384597125,0.3322222359168535,0.02810965583746345,109,0.7440849830999517,0.7416342942820146,0.7569971046463533,0.7769496204278813,0.7549165006140502,0.013995767740417652,17
5,46.848271667957306,0.5119653638520841,19.11913937330246,0.8249184088849691,balanced,,50,0.1,False,"{'clf__class_weight': 'balanced', 'clf__max_depth': None, 'clf__n_estimators': 50, 'tfidf__min_df': 0.1, 'tfidf__sublinear_tf': False}",0.38364510744580343,0.38539116305559745,0.39507224634376875,0.4331731659225555,0.3993204206919313,0.02002370475589827,113,0.3097288906899381,0.3147900344472366,0.32431249468426815,0.3748047774205858,0.33090904931050713,0.025878423631500964,121,0.7440849830999517,0.7416342942820146,0.7569971046463533,0.7767425810904072,0.7548647407796818,0.01391433399846019,33
23,68.22906392812729,1.305706927120098,16.10920959711075,5.06654096347789,balanced,16,50,0.1,False,"{'clf__class_weight': 'balanced', 'clf__max_depth': 16, 'clf__n_estimators': 50, 'tfidf__min_df': 0.1, 'tfidf__sublinear_tf': False}",0.38364510744580343,0.38539116305559745,0.39507224634376875,0.4331731659225555,0.3993204206919313,0.02002370475589827,113,0.3097288906899381,0.3147900344472366,0.32431249468426815,0.3748047774205858,0.33090904931050713,0.025878423631500964,121,0.7440849830999517,0.7416342942820146,0.7569971046463533,0.7767425810904072,0.7548647407796818,0.01391433399846019,33
41,63.64144456386566,1.5621410532361024,20.95540338754654,3.365860474518809,balanced,32,50,0.1,False,"{'clf__class_weight': 'balanced', 'clf__max_depth': 32, 'clf__n_estimators': 50, 'tfidf__min_df': 0.1, 'tfidf__sublinear_tf': False}",0.38364510744580343,0.38539116305559745,0.39507224634376875,0.4331731659225555,0.3993204206919313,0.02002370475589827,113,0.3097288906899381,0.3147900344472366,0.32431249468426815,0.3748047774205858,0.33090904931050713,0.025878423631500964,121,0.7440849830999517,0.7416342942820146,0.7569971046463533,0.7767425810904072,0.7548647407796818,0.01391433399846019,33
59,54.41157180070877,2.6232505867067335,18.608776450157166,3.977180581474436,balanced,64,50,0.1,False,"{'clf__class_weight': 'balanced', 'clf__max_depth': 64, 'clf__n_estimators': 50, 'tfidf__min_df': 0.1, 'tfidf__sublinear_tf': False}",0.38364510744580343,0.38539116305559745,0.39507224634376875,0.4331731659225555,0.3993204206919313,0.02002370475589827,113,0.3097288906899381,0.3147900344472366,0.32431249468426815,0.3748047774205858,0.33090904931050713,0.025878423631500964,121,0.7440849830999517,0.7416342942820146,0.7569971046463533,0.7767425810904072,0.7548647407796818,0.01391433399846019,33
77,46.98252648115158,3.561391458142349,16.49888038635254,3.6603906386289933,balanced_subsample,,50,0.1,False,"{'clf__class_weight': 'balanced_subsample', 'clf__max_depth': None, 'clf__n_estimators': 50, 'tfidf__min_df': 0.1, 'tfidf__sublinear_tf': False}",0.38364510744580343,0.38539116305559745,0.39507224634376875,0.4331727527070117,0.39932031738804535,0.02002353010693004,117,0.3097288906899381,0.3147900344472366,0.32431249468426815,0.3748045445984999,0.3309089911049857,0.02587832490162568,125,0.7440849830999517,0.7416342942820146,0.7569971046463533,0.7767425810904072,0.7548647407796818,0.01391433399846019,33
95,43.2477303147316,1.014911983299966,17.122765839099884,1.9030126922405393,balanced_subsample,16,50,0.1,False,"{'clf__class_weight': 'balanced_subsample', 'clf__max_depth': 16, 'clf__n_estimators': 50, 'tfidf__min_df': 0.1, 'tfidf__sublinear_tf': False}",0.38364510744580343,0.38539116305559745,0.39507224634376875,0.4331727527070117,0.39932031738804535,0.02002353010693004,117,0.3097288906899381,0.3147900344472366,0.32431249468426815,0.3748045445984999,0.3309089911049857,0.02587832490162568,125,0.7440849830999517,0.7416342942820146,0.7569971046463533,0.7767425810904072,0.7548647407796818,0.01391433399846019,33
113,49.50849312543869,3.879347311856254,12.307520091533661,3.519401736714024,balanced_subsample,32,50,0.1,False,"{'clf__class_weight': 'balanced_subsample', 'clf__max_depth': 32, 'clf__n_estimators': 50, 'tfidf__min_df': 0.1, 'tfidf__sublinear_tf': False}",0.38364510744580343,0.38539116305559745,0.39507224634376875,0.4331727527070117,0.39932031738804535,0.02002353010693004,117,0.3097288906899381,0.3147900344472366,0.32431249468426815,0.3748045445984999,0.3309089911049857,0.02587832490162568,125,0.7440849830999517,0.7416342942820146,0.7569971046463533,0.7767425810904072,0.7548647407796818,0.01391433399846019,33
131,51.69950467348099,10.60039027808994,16.29576700925827,10.217122150700407,balanced_subsample,64,50,0.1,False,"{'clf__class_weight': 'balanced_subsample', 'clf__max_depth': 64, 'clf__n_estimators': 50, 'tfidf__min_df': 0.1, 'tfidf__sublinear_tf': False}",0.38364510744580343,0.38539116305559745,0.39507224634376875,0.4331727527070117,0.39932031738804535,0.02002353010693004,117,0.3097288906899381,0.3147900344472366,0.32431249468426815,0.3748045445984999,0.3309089911049857,0.02587832490162568,125,0.7440849830999517,0.7416342942820146,0.7569971046463533,0.7767425810904072,0.7548647407796818,0.01391433399846019,33
83,59.07626420259476,8.510653195491273,9.337848782539368,0.155494463348736,balanced_subsample,,100,0.1,False,"{'clf__class_weight': 'balanced_subsample', 'clf__max_depth': None, 'clf__n_estimators': 100, 'tfidf__min_df': 0.1, 'tfidf__sublinear_tf': False}",0.38364510744580343,0.38539116305559745,0.39507224634376875,0.4331631699794559,0.39931792170615643,0.020019479909044288,121,0.3097288906899381,0.3147900344472366,0.32431249468426815,0.3747942234917928,0.3309064108283089,0.025873948178463155,129,0.7440849830999517,0.7416342942820146,0.7569971046463533,0.7766735679779158,0.754847487501559,0.013887211913134563,41
101,54.97997224330902,1.630383048397056,13.18291848897934,3.6802902850042787,balanced_subsample,16,100,0.1,False,"{'clf__class_weight': 'balanced_subsample', 'clf__max_depth': 16, 'clf__n_estimators': 100, 'tfidf__min_df': 0.1, 'tfidf__sublinear_tf': False}",0.38364510744580343,0.38539116305559745,0.39507224634376875,0.4331631699794559,0.39931792170615643,0.020019479909044288,121,0.3097288906899381,0.3147900344472366,0.32431249468426815,0.3747942234917928,0.3309064108283089,0.025873948178463155,129,0.7440849830999517,0.7416342942820146,0.7569971046463533,0.7766735679779158,0.754847487501559,0.013887211913134563,41
119,51.40735149383545,2.725122433295069,17.091481149196625,3.843562791833711,balanced_subsample,32,100,0.1,False,"{'clf__class_weight': 'balanced_subsample', 'clf__max_depth': 32, 'clf__n_estimators': 100, 'tfidf__min_df': 0.1, 'tfidf__sublinear_tf': False}",0.38364510744580343,0.38539116305559745,0.39507224634376875,0.4331631699794559,0.39931792170615643,0.020019479909044288,121,0.3097288906899381,0.3147900344472366,0.32431249468426815,0.3747942234917928,0.3309064108283089,0.025873948178463155,129,0.7440849830999517,0.7416342942820146,0.7569971046463533,0.7766735679779158,0.754847487501559,0.013887211913134563,41
137,83.49272763729095,10.784968935903526,9.507369756698608,0.3157222567935312,balanced_subsample,64,100,0.1,False,"{'clf__class_weight': 'balanced_subsample', 'clf__max_depth': 64, 'clf__n_estimators': 100, 'tfidf__min_df': 0.1, 'tfidf__sublinear_tf': False}",0.38364510744580343,0.38539116305559745,0.39507224634376875,0.4331631699794559,0.39931792170615643,0.020019479909044288,121,0.3097288906899381,0.3147900344472366,0.32431249468426815,0.3747942234917928,0.3309064108283089,0.025873948178463155,129,0.7440849830999517,0.7416342942820146,0.7569971046463533,0.7766735679779158,0.754847487501559,0.013887211913134563,41
11,40.364272594451904,2.0901325306180913,22.082194983959198,0.565060276363801,balanced,,100,0.1,False,"{'clf__class_weight': 'balanced', 'clf__max_depth': None, 'clf__n_estimators': 100, 'tfidf__min_df': 0.1, 'tfidf__sublinear_tf': False}",0.38364510744580343,0.38539116305559745,0.39507224634376875,0.43308723974172414,0.39929893914672343,0.01998738897323946,125,0.3097288906899381,0.3147900344472366,0.32431249468426815,0.3747221762241087,0.3308883990113879,0.025843397012098177,133,0.7440849830999517,0.7416342942820146,0.7569971046463533,0.7766045548654245,0.7548302342234361,0.013860101185544966,45
29,53.640705704689026,4.6156060046421095,18.13977313041687,4.139525558132088,balanced,16,100,0.1,False,"{'clf__class_weight': 'balanced', 'clf__max_depth': 16, 'clf__n_estimators': 100, 'tfidf__min_df': 0.1, 'tfidf__sublinear_tf': False}",0.38364510744580343,0.38539116305559745,0.39507224634376875,0.43308723974172414,0.39929893914672343,0.01998738897323946,125,0.3097288906899381,0.3147900344472366,0.32431249468426815,0.3747221762241087,0.3308883990113879,0.025843397012098177,133,0.7440849830999517,0.7416342942820146,0.7569971046463533,0.7766045548654245,0.7548302342234361,0.013860101185544966,45
47,60.93028461933136,3.072612897143846,24.016436636447906,4.638300180479304,balanced,32,100,0.1,False,"{'clf__class_weight': 'balanced', 'clf__max_depth': 32, 'clf__n_estimators': 100, 'tfidf__min_df': 0.1, 'tfidf__sublinear_tf': False}",0.38364510744580343,0.38539116305559745,0.39507224634376875,0.43308723974172414,0.39929893914672343,0.01998738897323946,125,0.3097288906899381,0.3147900344472366,0.32431249468426815,0.3747221762241087,0.3308883990113879,0.025843397012098177,133,0.7440849830999517,0.7416342942820146,0.7569971046463533,0.7766045548654245,0.7548302342234361,0.013860101185544966,45
65,59.28404372930527,10.55171654735775,24.70805460214615,5.782094099061939,balanced,64,100,0.1,False,"{'clf__class_weight': 'balanced', 'clf__max_depth': 64, 'clf__n_estimators': 100, 'tfidf__min_df': 0.1, 'tfidf__sublinear_tf': False}",0.38364510744580343,0.38539116305559745,0.39507224634376875,0.43308723974172414,0.39929893914672343,0.01998738897323946,125,0.3097288906899381,0.3147900344472366,0.32431249468426815,0.3747221762241087,0.3308883990113879,0.025843397012098177,133,0.7440849830999517,0.7416342942820146,0.7569971046463533,0.7766045548654245,0.7548302342234361,0.013860101185544966,45
88,66.47392249107361,1.0159184078701962,9.754181802272797,0.22985996303038306,balanced_subsample,,200,0.1,True,"{'clf__class_weight': 'balanced_subsample', 'clf__max_depth': None, 'clf__n_estimators': 200, 'tfidf__min_df': 0.1, 'tfidf__sublinear_tf': True}",0.38364510744580343,0.38539116305559745,0.39507224634376875,0.43128523155555,0.3988484371001799,0.019226574762937935,129,0.3097288906899381,0.3147900344472366,0.32431249468426815,0.37768358333280616,0.33162875078856224,0.0271003756635628,113,0.7440849830999517,0.7416342942820146,0.7569971046463533,0.7927536231884058,0.7588675013041815,0.02041613276760176,9
106,67.73876810073853,0.7942664728949492,14.476737141609192,4.270997939502279,balanced_subsample,16,200,0.1,True,"{'clf__class_weight': 'balanced_subsample', 'clf__max_depth': 16, 'clf__n_estimators': 200, 'tfidf__min_df': 0.1, 'tfidf__sublinear_tf': True}",0.38364510744580343,0.38539116305559745,0.39507224634376875,0.43128523155555,0.3988484371001799,0.019226574762937935,129,0.3097288906899381,0.3147900344472366,0.32431249468426815,0.37768358333280616,0.33162875078856224,0.0271003756635628,113,0.7440849830999517,0.7416342942820146,0.7569971046463533,0.7927536231884058,0.7588675013041815,0.02041613276760176,9
124,69.60889929533005,2.788919014366045,14.39888060092926,6.499265226873729,balanced_subsample,32,200,0.1,True,"{'clf__class_weight': 'balanced_subsample', 'clf__max_depth': 32, 'clf__n_estimators': 200, 'tfidf__min_df': 0.1, 'tfidf__sublinear_tf': True}",0.38364510744580343,0.38539116305559745,0.39507224634376875,0.43128523155555,0.3988484371001799,0.019226574762937935,129,0.3097288906899381,0.3147900344472366,0.32431249468426815,0.37768358333280616,0.33162875078856224,0.0271003756635628,113,0.7440849830999517,0.7416342942820146,0.7569971046463533,0.7927536231884058,0.7588675013041815,0.02041613276760176,9
142,54.51308852434158,6.162301313615081,10.567068576812744,0.20442375624335582,balanced_subsample,64,200,0.1,True,"{'clf__class_weight': 'balanced_subsample', 'clf__max_depth': 64, 'clf__n_estimators': 200, 'tfidf__min_df': 0.1, 'tfidf__sublinear_tf': True}",0.38364510744580343,0.38539116305559745,0.39507224634376875,0.43128523155555,0.3988484371001799,0.019226574762937935,129,0.3097288906899381,0.3147900344472366,0.32431249468426815,0.37768358333280616,0.33162875078856224,0.0271003756635628,113,0.7440849830999517,0.7416342942820146,0.7569971046463533,0.7927536231884058,0.7588675013041815,0.02041613276760176,9
16,66.97253131866455,2.321038630664616,12.027035295963287,0.5731376452789666,balanced,,200,0.1,True,"{'clf__class_weight': 'balanced', 'clf__max_depth': None, 'clf__n_estimators': 200, 'tfidf__min_df': 0.1, 'tfidf__sublinear_tf': True}",0.38364510744580343,0.38539116305559745,0.39507224634376875,0.43116353745524594,0.39881801357510394,0.01917525151408657,133,0.3097288906899381,0.3147900344472366,0.32431249468426815,0.3775958589127631,0.3316068196835515,0.027063106571285675,117,0.7440849830999517,0.7416342942820146,0.7569971046463533,0.7926155969634231,0.7588329947479358,0.02035886692697121,13
34,90.63163965940475,1.6001912671852792,26.066453635692596,0.23112698326915126,balanced,16,200,0.1,True,"{'clf__class_weight': 'balanced', 'clf__max_depth': 16, 'clf__n_estimators': 200, 'tfidf__min_df': 0.1, 'tfidf__sublinear_tf': True}",0.38364510744580343,0.38539116305559745,0.39507224634376875,0.43116353745524594,0.39881801357510394,0.01917525151408657,133,0.3097288906899381,0.3147900344472366,0.32431249468426815,0.3775958589127631,0.3316068196835515,0.027063106571285675,117,0.7440849830999517,0.7416342942820146,0.7569971046463533,0.7926155969634231,0.7588329947479358,0.02035886692697121,13
52,66.9115818142891,3.1996675214816523,26.117462038993835,4.349182118115518,balanced,32,200,0.1,True,"{'clf__class_weight': 'balanced', 'clf__max_depth': 32, 'clf__n_estimators': 200, 'tfidf__min_df': 0.1, 'tfidf__sublinear_tf': True}",0.38364510744580343,0.38539116305559745,0.39507224634376875,0.43116353745524594,0.39881801357510394,0.01917525151408657,133,0.3097288906899381,0.3147900344472366,0.32431249468426815,0.3775958589127631,0.3316068196835515,0.027063106571285675,117,0.7440849830999517,0.7416342942820146,0.7569971046463533,0.7926155969634231,0.7588329947479358,0.02035886692697121,13
70,59.880831837654114,2.5488893029932127,22.193090736865997,0.7833903990158598,balanced,64,200,0.1,True,"{'clf__class_weight': 'balanced', 'clf__max_depth': 64, 'clf__n_estimators': 200, 'tfidf__min_df': 0.1, 'tfidf__sublinear_tf': True}",0.38364510744580343,0.38539116305559745,0.39507224634376875,0.43116353745524594,0.39881801357510394,0.01917525151408657,133,0.3097288906899381,0.3147900344472366,0.32431249468426815,0.3775958589127631,0.3316068196835515,0.027063106571285675,117,0.7440849830999517,0.7416342942820146,0.7569971046463533,0.7926155969634231,0.7588329947479358,0.02035886692697121,13
17,59.003424882888794,0.4081531293070538,14.586899757385254,3.222831716974573,balanced,,200,0.1,False,"{'clf__class_weight': 'balanced', 'clf__max_depth': None, 'clf__n_estimators': 200, 'tfidf__min_df': 0.1, 'tfidf__sublinear_tf': False}",0.38364510744580343,0.38539116305559745,0.39507224634376875,0.43090375453946234,0.398753067846158,0.019065715754162983,137,0.3097288906899381,0.3147900344472366,0.32431249468426815,0.37231895006903476,0.3302875924726194,0.02482524591377412,137,0.7440849830999517,0.7416342942820146,0.7569971046463533,0.7928916494133885,0.758902007860427,0.020473412906330635,1
35,88.26487523317337,1.0416661076625489,29.307958900928497,3.4582465926000268,balanced,16,200,0.1,False,"{'clf__class_weight': 'balanced', 'clf__max_depth': 16, 'clf__n_estimators': 200, 'tfidf__min_df': 0.1, 'tfidf__sublinear_tf': False}",0.38364510744580343,0.38539116305559745,0.39507224634376875,0.43090375453946234,0.398753067846158,0.019065715754162983,137,0.3097288906899381,0.3147900344472366,0.32431249468426815,0.37231895006903476,0.3302875924726194,0.02482524591377412,137,0.7440849830999517,0.7416342942820146,0.7569971046463533,0.7928916494133885,0.758902007860427,0.020473412906330635,1
53,66.90701389312744,0.562478579662116,28.129174411296844,3.6619902381461924,balanced,32,200,0.1,False,"{'clf__class_weight': 'balanced', 'clf__max_depth': 32, 'clf__n_estimators': 200, 'tfidf__min_df': 0.1, 'tfidf__sublinear_tf': False}",0.38364510744580343,0.38539116305559745,0.39507224634376875,0.43090375453946234,0.398753067846158,0.019065715754162983,137,0.3097288906899381,0.3147900344472366,0.32431249468426815,0.37231895006903476,0.3302875924726194,0.02482524591377412,137,0.7440849830999517,0.7416342942820146,0.7569971046463533,0.7928916494133885,0.758902007860427,0.020473412906330635,1
71,57.462356209754944,2.9785743073773703,17.228005170822144,3.5501933429309025,balanced,64,200,0.1,False,"{'clf__class_weight': 'balanced', 'clf__max_depth': 64, 'clf__n_estimators': 200, 'tfidf__min_df': 0.1, 'tfidf__sublinear_tf': False}",0.38364510744580343,0.38539116305559745,0.39507224634376875,0.43090375453946234,0.398753067846158,0.019065715754162983,137,0.3097288906899381,0.3147900344472366,0.32431249468426815,0.37231895006903476,0.3302875924726194,0.02482524591377412,137,0.7440849830999517,0.7416342942820146,0.7569971046463533,0.7928916494133885,0.758902007860427,0.020473412906330635,1
89,77.71727842092514,0.7188983207794454,11.006527245044708,0.16079202618410293,balanced_subsample,,200,0.1,False,"{'clf__class_weight': 'balanced_subsample', 'clf__max_depth': None, 'clf__n_estimators': 200, 'tfidf__min_df': 0.1, 'tfidf__sublinear_tf': False}",0.38364510744580343,0.38539116305559745,0.39507224634376875,0.43090375453946234,0.398753067846158,0.019065715754162983,137,0.3097288906899381,0.3147900344472366,0.32431249468426815,0.37231895006903476,0.3302875924726194,0.02482524591377412,137,0.7440849830999517,0.7416342942820146,0.7569971046463533,0.7928916494133885,0.758902007860427,0.020473412906330635,1
107,65.46362119913101,0.4267092657777656,11.548900961875916,2.4474963690754796,balanced_subsample,16,200,0.1,False,"{'clf__class_weight': 'balanced_subsample', 'clf__max_depth': 16, 'clf__n_estimators': 200, 'tfidf__min_df': 0.1, 'tfidf__sublinear_tf': False}",0.38364510744580343,0.38539116305559745,0.39507224634376875,0.43090375453946234,0.398753067846158,0.019065715754162983,137,0.3097288906899381,0.3147900344472366,0.32431249468426815,0.37231895006903476,0.3302875924726194,0.02482524591377412,137,0.7440849830999517,0.7416342942820146,0.7569971046463533,0.7928916494133885,0.758902007860427,0.020473412906330635,1
125,45.78341245651245,0.11404443954760317,10.585663199424744,0.24526059082670895,balanced_subsample,32,200,0.1,False,"{'clf__class_weight': 'balanced_subsample', 'clf__max_depth': 32, 'clf__n_estimators': 200, 'tfidf__min_df': 0.1, 'tfidf__sublinear_tf': False}",0.38364510744580343,0.38539116305559745,0.39507224634376875,0.43090375453946234,0.398753067846158,0.019065715754162983,137,0.3097288906899381,0.3147900344472366,0.32431249468426815,0.37231895006903476,0.3302875924726194,0.02482524591377412,137,0.7440849830999517,0.7416342942820146,0.7569971046463533,0.7928916494133885,0.758902007860427,0.020473412906330635,1
143,55.397232472896576,5.326874819065818,9.801607966423035,0.4331984328157358,balanced_subsample,64,200,0.1,False,"{'clf__class_weight': 'balanced_subsample', 'clf__max_depth': 64, 'clf__n_estimators': 200, 'tfidf__min_df': 0.1, 'tfidf__sublinear_tf': False}",0.38364510744580343,0.38539116305559745,0.39507224634376875,0.43090375453946234,0.398753067846158,0.019065715754162983,137,0.3097288906899381,0.3147900344472366,0.32431249468426815,0.37231895006903476,0.3302875924726194,0.02482524591377412,137,0.7440849830999517,0.7416342942820146,0.7569971046463533,0.7928916494133885,0.758902007860427,0.020473412906330635,1
